title,seller,property_type,address,price,bedrooms,bathrooms,built_area,land_area,description,zip_code,parking
Se vende casa a tan solo 5 minutos del centro,Mitula,Casa,"oaxaca, oaxaca, lomas de santa rosa",8500000,9.0,7.0,349.0,256.0,"INMUEBLE APROPIADO PARA HOTEL BOUTIQUE U OFICINAS, A TAN SOLO CINCO MINUTOS DEL CENTRO HIST√ìRICO DE OAXACA, FRENTE AL ESTACIONAMIENTO GUELAGUETZA, A 3 MINUTOS DEL MERCADO S√ÅNCHEZ PASCUAS Y DE LA UNIVERSIDAD VASCONCELOS, CISTERNA DE 10,000 LTS. LLAME PARA UNA CITA!!! ASESOR INMOBILIARIO LIC. JOS√â MILL√ÅN*Para ver completas las fotograf√≠as de clik sobre ellas para que se muestren a traves de un visor. EasyBroker ID: 79551",68013.0,3.0
CASA NUEVA EN VENTA ZONA NORTE DE OAXACA,Mitula,Casa,"manuel sabino crespo, oaxaca de juarez, oaxaca, mexico",3950000,4.0,3.0,230.0,150.0,"PRECIOSA CASA NUEVA EN VENTA EN LA ZONA NORTE DE OAXACAUBICADA EN LA COLONIA MANUEL SABINO CRESPO PERTENECIENTE AL MUNICIPIO DE OAXACA DE JUAREZ.La casa ofrece en planta baja:  Cochera para dos autos, sala, comedor, cocina con cocina integral al alto brillo, jard√≠n interior, patio de servicio, ba√±o completo, rec√°mara o estudio, escaleras para el primer nivel, rec√°mara principal con closet amplio y ba√±o completo propio, 2 rec√°maras secundarias, un segundo ba√±o completo para el servicio de las rec√°maras secundarias, continuaci√≥n de escaleras para el segundo nivel donde encontraremos el roof garden.La casa se entregar√° con pergola, tinaco de 1100 litros, gas estacionario, cisterna de 6500 litros,port√≥n el√©ctrico de tres hojas y puerta peatonal con chapa electrica.ACEPTAMOS TODOS LOS CREDITOS Y CONTADO.Tramites gratuitos, se muestra previa cita.",68045.0,2.0
VENTA DE CASA EN OAXACA DE JUAREZ COL. AMERICA SUR,Mitula,Casa,"argentina 311, america sur, oaxaca de juarez, oaxaca, mexico",590000,3.0,2.0,415.0,264.0,"GRAN OPORTUNIDAD DE ADQUIRIR BONITA CASA DE 415 m2 DE CONSTRUCCI√íN CON EXCELENTE UBICACI√ìN DENTRO DE COLONIA AMERICA SUR. GRAN VISTA Y AMBIENTE RUSTICO. CUENTA CON VIAS PRINCIALES, UBICADO CERCA DE PARQUES, PLAZAS COMERCIALES, ESCUELAS, BANCOS Y FARMACIAS. EL INMUEBLE CUENTA CON UNA ESTANCIA COMODA, COCINA INTEGRAL, 3 RECAMARAS, 3.5 BA√ëOS, 2 LUGARES DE ESTACIONAMIENTO Y ESTUDIO.",68104.0,1.0
LA CASA DE TUS SUE√ëOS EN OAXACA,Mitula,Casa,"blvrd la paz, san felipe, colinas de la soledad, 68024 oaxaca de juarez, oaxaca, mexico",1210000,3.0,2.0,340.0,300.0,"HERMOSA CASA EN UNA DE LAS MEJORES ZONAS, RODEADA DE TODOS LOS SERVICIOS",68026.0,
Casa en Venta de un Nivel 2 Recamaras en San Felipe,Mitula,Casa,"piedra de sal, agencia municipal de san felipe del agua, oaxaca de juarez, oaxaca, mexico",7200000,2.0,1.0,150.0,938.0,"Casa habitaci√≥n rustica campirana en un solo nivel de ladrillo rojo con techos altos de teja de dos aguas, vigas de madera, muy acogedora, fresca, iluminada, rodeada de bellos √°rboles frutales, ubicada en San Felipe, colinda con el parque Colosio, √°rea segura, tranquila, con bell√≠sima vista al poniente, se respira aire puro, a pocos minutos del sport city, Colonia Reforma y centro.Zona habitacional media-alta.Acceso r√°pido a medios de transporte, mercaditos, comercios varios, cerros y senderos para salir a caminar y andar en bicicleta.Propiedad privada.Servicios disponibles: Electricidad, Alumbrado p√∫blico, l√≠nea telef√≥nica e internet.Superficie de terreno: 938.24 m2Superficie construida: 150m2.. Cisterna de 20 mil litros con bomba autom√°tica.. Tanque de gas estacionario.. Barda de tabique.. P√≥rtico. Sala y comedor.. Cocina integral con barra desayunador. Dos recamaras (una con tapanco).. Un ba√±o completo.. Fosa s√©ptica.Precio de Venta $ 7,200,000.00Previa cita:‚ÄúINMOBILIARIA ZAGAO‚ÄùCalle Boulevard de La Paz 102Colinas de La Soledad, Oaxaca.",68276.0,
CASA EN VENTA 5 MINUTOS DE LA CD DE OAXACA,Mitula,Casa,"avenida de la paz 101, fraccionamiento las palmas, oaxaca, 68153, mex",1900000,3.0,1.0,120.0,80.0,"Fracc. Lomas de San Juan, Oaxaca de Ju√°rezCerca del Parque del AmorA 10 minutos del centro de la Ciudad2 Niveles3 Recamaras (una recamara con closet)SalaComedorCocina (cocina integral)Ba√±oPatio de servicioCochera cerrada para un veh√≠culoPropiedad privadaTodos los serviciosTerreno de 80 m2Medidas: 8 x 10120 m2 de construcci√≥n.Precio $ 1, 900,000",68157.0,1.0
SE VENDE INMUEBLE  IDEAL PARA NEGOCIO Y VIVIENDA,Mitula,Casa,"oaxaca, oaxaca, montoya",2350000,6.0,2.0,220.0,139.0,"Una Gran oportunidad para invertir y ubicar tu propio negocio, esta propiedad est√°  a 3 cuadras de PLAZA BELLA en el Fraccionamiento Montoya.Enfrente hay un parque y alrededor varios negocios de diferentes giros comerciales.PLANTA BAJA:CocinaSalaComedor2 RecamarasLocal comercial Cochera para un veh√≠culo Ba√±o completoPatio de servicioCisterna 7500 Lts.Pasillo lateral de servicioPLANTA ALTA:4 recamaras Un ba√±o completo 1/2 Ba√±o Entrada independiente Corredor amplioCalentador solar en azotea Adquiere el hogar que est√°s buscando, agenda tu visita al,. EasyBroker ID: EB-NV6065",68143.0,1.0
VENTA DE CASA EN COL. BARRIO DE JATLACO. OAXACA. OAX. (NO CR√âDITO),Mitula,Casa,"pajaritos, barrio de jalatlaco, oaxaca de juarez, oaxaca, mexico",695000,3.0,2.0,240.0,189.0,"EXCELENTE OPORTUNIDAD DE ADQUIRIR UNA PROPIEDAD CON TODAS LAS COMODIDADES QUE NECESITAS. LA CASA CUENTA CON 3 AMPLIAS RECAMARAS, 3 ¬Ω BA√ëOS, 2 LUGARES DE ESTACIONAMIENTO, SALA COMEDOR Y CUARTO DE SERVICIO. SE UBICA EN UNA ZONA ESTRAT√âGICA DE LA CIUDAD, CERCA DE BODEGA AURRERA, PARQUES, COLEGIO, COPPEL, ELEKTRA Y RESTAURANTES. NO SE ACEPTAN CR√âDITOS. ¬°NO TE PIERDAS ESTA GRAN OPORTUNIDAD!",68276.0,1.0
VENTA DE CASA EN COL. GUADALUPE VICTORIA OAXACA OAX,Mitula,Casa,"guadalupe victoria, agencia de policia guadalupe victoria sector 2, oaxaca de juarez, oaxaca, mexico",510000,4.0,3.0,387.0,221.0,"HERMOSA CASA, UBICADA EN UNA ZONA EXCLUSIVA DEL ESTADO DE OAXACA, ACCESO POR AVENIDAS PRINCIPALES, RODEADA DE ESCUELAS, TIENDAS, UNA ZONA MUY TRANQUILA PARA VIVIR, SU DISTRIBUCION ES DE : 4 AMPLIAS RECAMARAS, ESTUDIO, SALA ,COCINA, 3.5 BA√ëOS, AMPLIO ESPACIO PARA TENER A TUS MASCOTAS, 2 LUGARES DE ESTACIONAMIENTO",68033.0,1.0
"VENTA DE CASA EN COL. AMERICA SUR, OAXACA DE JUAREZ, OAX. (NO CR√âDITO)",Mitula,Casa,"argentina, america sur, oaxaca de juarez, oaxaca, mexico",9887478,3.0,3.0,415.0,264.0,"¬°Incre√≠ble oportunidad de adquirir una hermosa casa en una de las mejores zonas de Colonia America Sur! La propiedad cuenta con una ubicaci√≥n inmejorable, cerca de v√≠as principales, parques, plazas comerciales, escuelas, bancos y farmacias. La casa tiene una distribuci√≥n c√≥moda, con una hermosa cocina integral, 3 amplias rec√°maras, 3.5 ba√±os, 2 lugares de estacionamiento y un estudio, lo que la hace ideal para familias grandes o aquellas que buscan un espacio adicional para trabajar desde casa. ¬°No pierdas esta oportunidad de hacer realidad el sue√±o de tener tu propia casa hoy mismo! No se aceptan cr√©ditos, ¬°cont√°ctanos para m√°s informaci√≥n y asesor√≠a personalizada!",68104.0,1.0
"VENTA DE CASA EN OAXACA, VILLA DE MONTE ALBAN, OAXACA, OAXACA",Mitula,Casa,"oaxaca, oaxaca, fraccionamiento villas montealban",568000,2.0,1.0,94.0,60.0,"EXCELENTE OPORTUNIDAD DE ADQUIRIR HERMOSACASA LA DISTRIBUCI√ìN ES: SALA, COMEDOR, COCINA, 2 RECAMARAS AMPLIAS,1 BA√ëO, CUARTO DE LAVADO. EXCELENTE UBICACI√ìNCERCA DE: CENTROS COMERCIALES, UNIVERSIDADES, ESCUELAS, HOSPITALES, CLINICAS, CAFETERIAS, TIENDAS DE AUTO SERVICIO, BANCOS Y PARQUES",68143.0,
"VENTA DE CASA EN OAXACA, COL. AMERICA SUR, OAXACA, OAXACA.",Mitula,Casa,"oaxaca, oaxaca, america sur",715000,3.0,3.0,415.0,264.0,"¬°OPORTUNIDAD DE ADQUIRIR BONITA CASA! EL INMUEBLE CUENTA CON UNA ESTANCIA COMODA, COCINA INTEGRAL, 3 RECAMARAS, 3.5 BA√ëOS,2 LUGARES DE ESTACIONAMIENTO Y ESTUDIO.EXCELENTE UBICACI√ìN DENTRO DE COLONIA AMERICA SUR, CUENTA CON VIAS PRINCIALES, UBICADO CERCA DE PARQUES, PLAZAS COMERCIALES, ESCUELAS, BANCOS Y FARMACIAS.",68104.0,1.0
"Venta de Casa en Oaxaca, Agencia de Policia Guadalupe Victoria Sector 6, Oaxaca de Ju√°rez, Oaxaca, M√©xico",Mitula,Casa,"oaxaca, oaxaca, ejido guadalupe victoria",510000,4.0,3.0,387.0,221.0,"TE OFRECEMOS UNA PROPIEDAD UBICADA EN UNA ZONA CONFORT DEL ESTADO DE OAXACA A UN PRECIO EXCEPCIONALMENTE ACCESIBLE. ESTA CASA TIENE ACCESO POR AVENIDAS PRINCIPALES Y EST√Å RODEADA DE ESCUELAS Y TIENDAS, LO QUE LA CONVIERTE EN UNA ZONA MUY TRANQUILA PARA VIVIR.CON 4 AMPLIAS REC√ÅMARAS, UN ESTUDIO, UNA SALA Y COCINA, 3.5 BA√ëOS, ¬°Y UN AMPLIO ESPACIO PARA TUS MASCOTAS!, ESTA CASA ES EL LUGAR PERFECTO PARA VIVIR. ADEM√ÅS, CUENTA CON 2 LUGARES DE ESTACIONAMIENTO Y ES UNA INVERSI√ìN TOTALMENTE SEGURA, CON ENTREGA GARANTIZADA BAJO CONTRATO. ¬°NO ESPERES M√ÅS Y ADQUIERE ESTA PROPIEDAD HOY MISMO!",68277.0,1.0
"VENTA DE CASA EN OAXACA, OAXACA, CENTRO, OAXACA, OAX.",Mitula,Casa,"oaxaca, oaxaca, manuel sabino crespo",320000,4.0,3.0,380.0,279.0,"GRAN OPORTUNIDAD DE INVERSION CON ESTA GRAN PROPIEDAD, EN EXELENTE COLONIA DEL ESTADO DE OAXACA EMBLEMATICO ESTADO DE LA REPUBLICA, DISTRIBUCION EN DOS PLANTAS CUENTA CON 4 RECAMARAS, 3 BA√ëOS SALA, COMEDOR, EXTENSO JARDIN Y PATIO TRASERO.   ESTACIONAMIENTO PARA 2 AUTOS, EXELENTE UBICACI√ìN Y ZONA TRANQUILA DE GRAN COMODIDAD EN ACCESOS Y AVENIDAS PRINCIPALES A 2 KM DEL CENTRO DE OAXACA ( ZOCALO ) Y A 1 KM DEL AUDITORIO DE LA GUELAGUETZA",68045.0,2.0
VENTA DE CASA EN OAXACA MACEDONIO ALCALA,Mitula,Casa,"agencia de policia guadalupe victoria sector 1, oaxaca de juarez, oaxaca, mexico",510000,4.0,3.0,387.0,221.0,"CASA CON PRECIO MUY POR DE BAJO DE SU VALOR COMERCIAL, UBICADA EN UNA ZONA EXCLUSIVA DEL ESTADO DE OAXACA, ACCESO POR AVENIDAS PRINCIPALES, RODEADA DE ESCUELAS, TIENDAS, UNA ZONA MUY TRANQUILA PARA VIVIR, SU DISTRIBUCION ES DE : 4 AMPLIAS RECAMARAS, ESTUDIO, SALA ,COCINA, 3.5 BA√ëOS, AMPLIO ESPACIO PARA TENER A TUS MASCOTAS, 2 LUGARES DE ESTACIONAMIENTO, INVERSION TOTALMENTE SEGURA, ENTREGA GARANTIZADA BAJO CONTRATO. ‚ÄúNO SE ACEPTAN CREDITOS‚Äù  INFORMES CON:OSCAR MEDELL√çN",68276.0,1.0
"VENTA DE CASA EN SANTA ROSA, EDUCACION, OAXACA.",Mitula,Casa,"jose vasconcelos 301, educacion, oaxaca de juarez, oaxaca, mexico",780000,2.0,1.0,95.0,95.0,"HERMOSA PROPIEDAD PARA INVERTIR EN TU PATRIMONIO, EL INMUEBLE CUENTA UNA COMODA ESTANCIA CUENTA CON 2 AMPLIAS RECAMARAS, 1 BA√ëO Y 1 MEDIO BA√ëO, 1 LUGAR PARA ESTACIONAMIENTO  EXCELENTE UBICACI√ìN EN LA MEJOR ZONA RODEADA DE PRINCIPALES VIAS DE ACCESO",68010.0,1.0
VENTA DE CASA EN OAXACA COL AMERICA SUR OAXACA DE JUAREZ,Mitula,Casa,"oaxaca, oaxaca, america sur",715000,3.0,3.0,415.0,216.0,"UNICA OPORTUNIDAD DE ADQUIRIR BONITA CASA CON EXCELENTE UBICACI√ìN DENTRO DE COLONIA AMERICA SUR, CUENTA CON VIAS PRINCIALES, UBICADO CERCA DE PARQUES, PLAZAS COMERCIALES, ESCUELAS, BANCOS Y FARMACIAS. EL INMUEBLE CUENTA CON UNA ESTANCIA COMODA, COCINA INTEGRAL, 3 RECAMARAS, 3.5 BA√ëOS,2 LUGARES DE ESTACIONAMIENTO Y ESTUDIO",68104.0,1.0
VENTA DE CASA EN OAXACA,Mitula,Casa,"pajaritos 213, barrio de jalatlaco, oaxaca de juarez, oaxaca, mexico",695000,3.0,2.0,240.0,189.0,"EXCELENTE OPORTUNIDAD DE ADQUIRIR HERMOSACASA A UN ATRACTIVO COSTO Y CON EXCELENTE PLUSVAL√çA.LA MEJOR INVERSI√ìN EN BIENES RA√çCES LA DISTRIBUCI√ìN ES: SALA, COMEDOR, COCINA,3 RECAMARAS AMPLIAS,2.5 BA√ëOS,2 LUGARES DE ESTACIONAMIENTO, CUARTO DE LAVADO.EXCELENTE UBICACI√ìNCERCA DE: CENTROS COMERCIALES, UNIVERSIDADES, ESCUELAS, HOSPITALES, CLINICAS, CAFETERIAS, TIENDAS DE AUTO SERVICIO, BANCOS Y PARQUES",68276.0,1.0
VENTA DE CASA OAXACA LA NORIA DEJUAREZ,Mitula,Casa,"xicotencatl, zona feb 10 2015, barrio de la noria, oaxaca de juarez, oaxaca, mexico",790000,3.0,2.0,130.0,205.0,"GRAN OPORTUNIDAD DE INVERSION BONITA CASA A UN MUY ATRACTIVO COSTO Y CON EXCELENTE PLUSVALIA CASA, LA DISTRIBUCION ES SALA, COMEDOR, COCINA, CUARTO DE LAVADO, 3 RECAMARAS, 2.5 BA√ëO, 1 LUGAR DE ESTACIONAMIENTO.EXCELENTES VIAS DE ACCESO PERIFERICO, EDUARDO MATA, HOTELES, CENTROS COMERCIALES.ARQ.ANDRES FREIXAS TEL:",68276.0,1.0
"VENTA DE CASA, OAXACA",Mitula,Casa,"huerto los framboyanes, universidad, trinidad de las huertas, oaxaca de juarez, oaxaca, mexico",910000,4.0,3.0,360.0,200.0,"MARAVILLOSA ZONA CON ALTA PLUSVALIA, CUENTA CON, SALA, COMEDOR AMPLIOS, COCINA INTEGRAL, 4 RECAMARAS, 3.5 BA√ëOS, 3 LUGARES DE ESTACIONAMIENTO, PATIO, CUARTO DE LAVADO,  ESTUDIO, CUARTO DE TV. ES UNA PROPIEDAD IDEAL PARA VIVIR, E INCREMENTAR TU PATRIMONIO, ¬°¬°ES TU OPORTUNIDAD PARA CONVERTIRLO EN EL HOGAR DE TUS SUE√ëOS!! LA ZONA ES MUY TRANQUILA, ES UNA UBICACI√ìN ENVIDIABLE, TIENE TODOS LOS SERVICIOS A TU ALCANCE, ESCUELAS, PARQUES, COMERCIOS, SUPERMERCADOS. CON ACCESO POR PRINCIPALES V√çAS DE COMUNICACI√ìN, A POCOS MINUTOS DE LAS AVENIDAS PRINCIPALES DE LA ZONA.",68080.0,1.0
VENTA DE CASA EN OAXACA COL AMERICA SUR OAXACA,Mitula,Casa,"oaxaca, oaxaca, america sur",715000,3.0,3.0,415.0,264.0,"UNICA OPORTUNIDAD DE ADQUIRIR BONITA CASA CON EXCELENTE UBICACI√ìN DENTRO DE COLONIA AMERICA SUR, CUENTA CON VIAS PRINCIALES, UBICADO CERCA DE PARQUES, PLAZAS COMERCIALES, ESCUELAS, BANCOS Y FARMACIAS. EL INMUEBLE CUENTA CON UNA ESTANCIA COMODA, COCINA INTEGRAL, 3 RECAMARAS, 3.5 BA√ëOS,2 LUGARES DE ESTACIONAMIENTO Y ESTUDIO.",68104.0,1.0
"EGE, BONITA CASA EN RECUPERACION HIPOTECARIA EN OAXACA CENTRO! SOLO CONTADO.",Mitula,Casa,"manuel sabino crespo, oaxaca de juarez, oaxaca, mexico",1680173,3.0,2.0,180.0,180.0,"CASA EN VENTA: MANUEL SABINO CRESPO, CENTRO,OAXACA, OAXACA. Precio: $ 1,680,173.00 **Gran oportunidad de adquirir Casa .** Solo Pago de Contado. **Precio sujeto a cambio sin previo aviso** Para Mayor Informes Cont√°ctanos: Lic. Estrada Cel:,Whatsapp: Quienes Somos:",68045.0,
HERMOSA CASA A UNOS MINUTOS DEL CENTRO DE OAXACA,Mitula,Casa,"macedonio alcala 134, agencia de policia guadalupe victoria sector 6, oaxaca de juarez, oaxaca, mexico",1239000,4.0,3.0,380.0,220.0,"CASA CON EXCELENTE DISE√ëO, RODEADA DE TODOS LOS SERVICIOS. CERCANA A ESCUELAS Y EN UNA BUENA ZONA.",68276.0,
HERMOSA CASA EN OAXACA,Mitula,Casa,"huerto los framboyanes 102, universidad, trinidad de las huertas, 68120 oaxaca de juarez, oax., mexico",899000,3.0,2.0,127.0,180.0,"UNA DE LAS CASAS MEJOR UBICADAS, A TAN SOLO UNOS MINUTOS DEL CENTRO DE LA CIUDAD, RODEADA DE TODOS LOS SERVICIOS COMO HOSPITALES, CENTROS COMERCIALES (PLAZA OAXACA), A UNAS CALLES DE LA UNIVERSIDAD AUTONOMA BENITO JUAREZ DE OAXACA.",68080.0,
VENTA DE CASA EN OAXACA,Mitula,Casa,"xicotencatl, zona feb 10 2015, barrio de la noria, oaxaca de juarez, oaxaca, mexico",790000,3.0,2.0,250.0,113.0,"MAGNIFICA OPORTUNIDAD DE ADQUIRIR BONITA CASA CON EXCELENTE PLUSVALIA. LA DISTRIBUCION ES SALA, COMEDOR, COCINA, CUARTO DE LAVADO, 3 RECAMARAS, 2.5 BA√ëOS, 1 LUGAR DE ESTACIONAMIENTO Y AMPLIO JARDIN PRIVADO. EXCELENTES VIAS DE ACCESO PERIFERICO, EDUARDO MATA, HOTELES, CENTROS COMERCIALES, CERCANA A SUPERMERCADOS, ZONA DE BANCOS, PARQUES, ESCUELAS, FARMACIAS, TIENDAS, ETC.",68276.0,1.0
CASA E OAXACA,Mitula,Casa,"huerto los framboyanes 102, universidad, trinidad de las huertas, oaxaca de juarez, oaxaca, mexico",899000,3.0,2.0,180.0,180.0,"¬°¬°Gran Venta Especial!!Obt√©n tu nuevo patrimonio familiar con una ubicaci√≥n privilegiada, rodeada por las principales v√≠as de comunicaci√≥n, medios de transporte, mercados, centros comerciales, escuelas, bancos, hospitales, zonas de recreaci√≥n y localidades de importancia como: Hospital Diana, Gimnasio Universitario.Tambi√©n Avenidas conocidas como: Av. Oaxaca, Av. Universidad.   ‚Ä¢Solo Capital Propio‚Ä¢Agenda tu cita y conoce m√°s detalles de TU NUEVA CASA",68080.0,
VENTA DE CASA EN OAXACA,Mitula,Casa,"argentina, america sur, oaxaca de juarez, oaxaca, mexico",715000,3.0,3.0,415.0,264.0,"UNICA OPORTUNIDAD DE ADQUIRIR BONITA CASA CON EXCELENTE UBICACI√ìN DENTRO DE COLONIA AMERICA SUR, CUENTA CON VIAS PRINCIALES, UBICADO CERCA DE PARQUES, PLAZAS COMERCIALES, ESCUELAS, BANCOS Y FARMACIAS. EL INMUEBLE CUENTA CON UNA ESTANCIA COMODA, COCINA INTEGRAL, 3 RECAMARAS, 3.5 BA√ëOS,2 LUGARES DE ESTACIONAMIENTO Y ESTUDIO.""""""NO SE ACEPTAN CREDITOS""""""MAYOR INFORMACI√ìN CON MONTSERRAT CELIS :",68104.0,1.0
CASA EN VENTA MACEDONIO ALCALA GUADALUPE VICTORIA OAXACA DE JUAREZ,Mitula,Casa,"macedonio alcala, agencia de policia guadalupe victoria sector 6, oaxaca de juarez, oaxaca, mexico",510000,4.0,3.0,387.0,221.0,"ESTA ES LA OPORTUNIDAD PARA REALIDAD TU SUE√ëO DE TENER UNA CASA PROPIA, INVIERTE EN UNA PROPIEDAD A UN EXCELENTE PRECIO MUY POR DE BAJO DE SU VALOR COMERCIAL, UBICADA EN UNA ZONA EXCLUSIVA DEL ESTADO DE OAXACA, ACCESO POR AVENIDAS PRINCIPALES, RODEADA DE ESCUELAS, TIENDAS, UNA ZONA MUY TRANQUILA PARA VIVIR, SU DISTRIBUCION ES DE : 4 AMPLIAS RECAMARAS, ESTUDIO, SALA ,COCINA, 3.5 BA√ëOS, AMPLIO ESPACIO PARA TENER A TUS MASCOTAS, 2 LUGARES DE ESTACIONAMIENTO, INVERSION TOTALMENTE SEGURA, ENTREGA GARANTIZADA",68276.0,1.0
CASA EN VENTA EN MACEDONIO ALCALA COL AGENCIA DE POLICIA GUADALUPE VICTORIA OAXACA DE JUAREZ,Mitula,Casa,"macedonio alcala, agencia de policia guadalupe victoria sector 6, oaxaca de juarez, oaxaca, mexico",510000,4.0,3.0,387.0,221.0,"ESTA ES LA OPORTUNIDAD PARA REALIDAD TU SUE√ëO DE TENER UNA CASA PROPIA, INVIERTE EN UNA PROPIEDAD A UN EXCELENTE PRECIO, UBICADA EN UNA ZONA EXCLUSIVA DEL ESTADO DE OAXACA, ACCESO POR AVENIDAS PRINCIPALES, RODEADA DE ESCUELAS, TIENDAS, UNA ZONA MUY TRANQUILA PARA VIVIR, SU DISTRIBUCION ES DE : 4 AMPLIAS RECAMARAS, ESTUDIO, SALA ,COCINA, 3.5 BA√ëOS, AMPLIO ESPACIO PARA TENER A TUS MASCOTAS, 2 LUGARES DE ESTACIONAMIENTO, INVERSION TOTALMENTE SEGURA,",68276.0,1.0
VENTA DE CASA EN XIPETOTEC COL VILLA DE MONTE ALBAN OAXACA OAXACA,Mitula,Casa,"xipetotec 49, villas de monte alban, oaxaca de juarez, oaxaca, mexico",568000,2.0,1.0,94.0,60.0,"EXCELENTE OPORTUNIDAD DE ADQUIRIR HERMOSA CASA LA DISTRIBUCI√ìN ES: SALA, COMEDORCOCINA2 RECAMARAS AMPLIAS1 BA√ëO CUARTO DE LAVADO. COSTO TOTAL DE LA PROPIEDAD: 568.000 MIL PESOSEXCELENTE UBICACI√ìNCERCA DE: CENTROS COMERCIALES, UNIVERSIDADES, ESCUELAS, HOSPITALES, CLINICAS, CAFETERIAS, TIENDAS DE AUTO SERVICIO, BANCOS Y PARQUES",68154.0,
VENTA DE CASA COLONIA AGENCIA DE POLICIAS GUADALUPE VICTORIA OAXACA OX,Mitula,Casa,"macedonio alcala, agencia de policia guadalupe victoria sector 6, oaxaca de juarez, oaxaca, mexico",510000,4.0,3.0,350.0,200.0,"EXCELENTE OPORTUNIDAD DE HACER CRECER TU PATRIMONIO, TENGO A LA VENTA UNA MARAVILLOSA CASA. CON UNA UBICACION ESPECTACULAR, EN UNA DE LAS ZONAS CON MAYOR VALOR COMERCIAL EN LOS BIENES RAICES, EN LA COLONIA GUADALUPE VICTORIA. OAXACA DE JUAREZ OAXACA, CUENTA EN SUS ALREDEDORES CON PLAZAS COMERCIALES DE 1RA CATEGORIA, ESCUELAS EN TODOS LOS NIVELES EDUCATIVOS, CENTROS DE RECREACION FAMILIAR, PARQUES Y AREAS NATURALES PARA LOS NI√ëOS, HOSPITALES Y CENTROS MEDICOS. ADEMAS ACCESO A LA CASA POR LAS PRINCIPALES AVENIDAS DE LA CIUDAD Y LO MAS IMPORTANTE POR SU CERCANIA CON EL CENTRO DE LA CIUDAD REPRESENTA UNA EXCELENTE INVERSION. EL INMUEBLE CUENTA CON 4 RECAMARAS, COCINA, SALA, COMEDOR, ESTUDIO, 3 BA√ëOS Y ESTACIONAMIENTO PARA 2 CARROS, ADEMAS ESPACIO PARA SUS MASCOTAS. ES UNA INVERSION SEGURA Y GARANTIZADA BAJO CONTRATO. NOTA: NO SE ACEPTAN CREDITOS. PARA MAYOR INFORMACION COMUNIQUESE CON SU ASESOR INMOBILIARIO.",68276.0,3.0
VENTA DE CASA EN OAXACA COL AGENCIA DE POLICIA GUADALUPE VICTORIA,Mitula,Casa,"macedonio alcala 134, agencia de policia guadalupe victoria sector 6, oaxaca de juarez, oaxaca, mexico",510000,4.0,3.0,387.0,221.0,"EXCELENTE OPORTUNIDAD DE ADQUIRIR HERMOSACASA A UN ATRACTIVO COSTO Y CON EXCELENTE PLUSVAL√çA.LA MEJOR INVERSI√ìN EN BIENES RA√çCES LA DISTRIBUCI√ìN ES: SALA, COMEDOR, COCINA4 RECAMARAS AMPLIAS3.5 BA√ëOS2 LUGARES DE ESTACIONAMIENTOCUARTO DE LAVADO. EXCELENTE UBICACI√ìNCERCA DE: CENTROS COMERCIALES, UNIVERSIDADES, ESCUELAS, HOSPITALES, CLINICAS, CAFETERIAS, TIENDAS DE AUTO SERVICIO, BANCOS Y PARQUES",68276.0,1.0
"VENTA DE CASA EN, OAXACA",Mitula,Casa,"macedonio alcala, emiliano zapata, oaxaca de juarez, oaxaca, mexico",510000,4.0,3.0,381.0,221.0,"DESCRIPCION: ESTA ES LA OPORTUNIDAD PARA REALIDAD TU SUE√ëO DE TENER UNA CASA PROPIA, INVIERTE EN UNA PROPIEDAD A UN EXCELENTE PRECIO MUY POR DE BAJO DE SU VALOR COMERCIAL, UBICADA EN UNA ZONA EXCLUSIVA DEL ESTADO DE OAXACA, ACCESO POR AVENIDAS PRINCIPALES, RODEADA DE ESCUELAS, TIENDAS, UNA ZONA MUY TRANQUILA PARA VIVIR, SU DISTRIBUCION ES DE : 4 AMPLIAS RECAMARAS, ESTUDIO, SALA ,COCINA, 3.5 BA√ëOS, AMPLIO ESPACIO PARA TENER A TUS MASCOTAS, 2 LUGARES DE ESTACIONAMIENTO, INVERSION TOTALMENTE SEGURA, ENTREGA GARANTIZADA BAJO CONTRATO. ‚ÄúNO SE ACEPTAN CREDITOS‚Äù INFORMES CON: FRANCO SALDIVAR",68148.0,1.0
VENTA DE CASA OAXACA,Mitula,Casa,"la paz san felipe, oaxaca de juarez, oaxaca, mexico",890000,3.0,3.0,225.0,300.0,"MAGNIFICA OPORTUNIDAD PARA ADQUIRIR ESTA HERMOSA CASA Y HACER CRECER TU PATRIMONIO FAMILIAR. UBICADA EN UNA ZONA DE ALTA PLUSVALIA CON ACCESO TOTAL POR AVENIDAS PRINCIPALES (CARRETERA CRISTOBAL COLON Y CALZ. SAN FELIPE DEL AGUA) ADEMAS, ESTA A SOLO 5 MINUTOS DE CENTRO DE SALUD, 13 MINUTOS DE PLAZA MAZARI Y 40 MINUTOS DE ESTADIO EDUARDO VASCONCELOS. RODEADA DE TODO LO QUE NECESITAS: RESTAURANTES, BANCOS, FARMACIAS, CENTRO COMERCIALES, PARQUES, MERCADOS, SUPER MERCADOS, HOSPITALES Y CAFETERIAS. LA CASA CUENTA CON 3 AMPLIAS RECAMARAS, 2 BA√ëOS COMPLETOS, 1 BA√ëO PARA VISITAS Y COCHERAS PARA ESTACIONAR 2 AUTOS. NO PIERDAS LA OPORTUNIDAD DE GARANTIZAR LA COMODIDAD Y TRANQUILIDAD DE LA FAMILIA.",68044.0,2.0
Se vende casa en Fraccionamiento. - (3),Mitula,Casas En Condominios,"oaxaca, oaxaca, fraccionamiento villas montealban",1290000,3.0,2.0,61.0,94.0,"Esta casa cuenta con estacionamiento privado hasta 2 veh√≠culos.En planta baja se encuentra la sala comedor, cocina con barra desayunador, 2 recamaras una de ellas podr√≠a adecuarse a estudio, ba√±o completo y √°rea de servicio.En la segunda planta, recamara  y ba√±o completo. (3)",68143.0,2.0
CASA COMERCIAL EN VENTA EN JALATLACO - (3),Mitula,Locales Comerciales,"oaxaca, oaxaca, barrio jalatlaco",12000000,3.0,1.0,268.0,268.0,"Ubicada en el barrio de Jalatlaco, aproveche esta oportunidad de inversi√≥n en una de las zonas m√°s bonitas de la ciudad, la cual, en los √∫ltimos a√±os, ha llegado a ser un destino ideal para inversionistas principalmente del sector de hoteler√≠a y de restaurantes.  Calles empedradas, arquitectura colonial, caf√©s y restaurantes para disfrutar la gastronom√≠a oaxaque√±a. El barrio de Jalatlaco se caracteriza por su gente que vive y celebra las tradiciones oaxaque√±as m√°s emblem√°ticas. Sus calles se llenan de colorido haciendo tributo a cada fiesta local, atrayendo miles de turistas y locales durante todo el a√±o. En este ambiente se encuentra una propiedad antigua, muy caracter√≠stica de la arquitectura y cultura del barrio. Tiene dos puertas con protecciones de herrer√≠a que dan a la calle y a su vez proporcionan el acceso principal a lo que originalmente fue la sala y comedor de la casa. Los muros son de adobe y la altura de los techos mantiene la casa muy fresca. El dise√±o original ha sido conservado en su mayor√≠a durante el transcurso del tiempo. Solo una parte de lo que fue la cocina ha sido modificado; construy√©ndose un nuevo loft que nos da una idea de arquitectura ecl√©ctica que sirva de puente entre lo moderno y lo tradicional. En resumen, esta propiedad presenta una gran oportunidad para inversionistas y arquitectos creativos, para realizar un gran proyecto, en un terreno con superficie de 268 m2, dentro de este hermoso y ancestral barrio. (3)",68080.0,
"VENTA DE CASA EN FRAMBOYANES, OAXACA.",Mitula,Casa,"trinidad de las huertas, oaxaca de juarez, oaxaca, mexico",630000,3.0,2.0,400.0,335.0,"MAGNIFICA OPORTUNIDAD DE ADQUIRIR BONITA CASA A UN MUY ATRACTIVO COSTO Y CON EXCELENTE PLUSVALIA CASA, LA DISTRIBUCI√ìN ES SALA, COMEDOR, COCINA, CUARTO DE LAVADO, 3 RECAMARAS, 1 BA√ëO, ESTUDIO, 1 LUGAR DE ESTACIONAMIENTO.EXCELENTES VIAS DE ACCESO, ESCUELAS, CENTROS COMERCIALES, BANCOS. ADQUIERE PROPIEDAD CON UN DESCUENTO DEL 50 AL 70% DE SU VALOR COMERCIAL, SU INVERSI√ìN 100% SEGURA, ENTREGA GARANTIZADAMAYOR INFORMES CON LIC. FERNANDO LOZADA 55,70,64,64,24.",68080.0,1.0
"Venta de Casa en Col. Centro, Oaxaca",Mitula,Casa,"manuel sabino crespo, oaxaca de juarez, oaxaca, mexico",427700,5.0,3.0,270.0,270.0,"Con esta hermosa propiedad tienes una extraordinaria oportunidad de incrementar tu patrimonio; ubicada muy cerca de ICJ Posgrados SC, Museo de Sitio ""Casa Ju√°rez"" y Neurolog√≠a Cl√≠nica y Diagn√≥stica; su ubicaci√≥n le permite acceder a distintos centros comerciales, escuelas, restaurantes y hospitales...La propiedad cuenta con sala, comedor, cocina integral, 5 recamaras, 3 ba√±os y 2 lugares de estacionamiento.LA COMPRA DEBE SER CON RECURSOS PROPIOS.NO SE ACEPTAN CR√âDITOS.Gestionamos todos los tr√°mites legales; desde la firma del contrato, hasta la entrega de la propiedad. No es necesario que el comprador se involucre o invierta tiempo y dinero.",68045.0,1.0
CASA DE 3 NIVELES EN VENTA EN EJIDO GUADALUPE VICTORIA,Mitula,Casa,"oaxaca, oaxaca, ejido guadalupe victoria",5300000,3.0,4.0,413.0,161.0,"üî∞AMPLIA CASA EN VENTA EN EXCELENTE UBICACI√ìN A 5 MINUTOS DE LA IGLESIA DE SAN FELIPE.CARACTERISTICAS:$5,300,000‚ñ™Ô∏èTERRENO: 161 M2‚ñ™Ô∏èCONSTRUCCION: 413 M2PRIMER NIVEL‚ô¶Ô∏èESTACIONAMIENTO TECHADO PARA 2 AUTOS‚ô¶Ô∏èESTANCIASEGUNDO NIVEL‚ô¶Ô∏èAMPLIA E ILUMINADA AREA DE SALA COMEDOR‚ô¶Ô∏èAMPLIA COCINA EQUIPADA‚ô¶Ô∏èMEDIO BA√ëO‚ô¶Ô∏èPATIO DE SERVICIO‚ô¶Ô∏èCUARTO DE SERVICIO CON BA√ëO COMPLETO‚ô¶Ô∏èCUBO DE LUZ NATURALTERCER NIVEL‚ô¶Ô∏èAMPLIA RECAMARA PRICIPAL CON BA√ëO COMPLETO, VESTIDOR Y CLIMA‚ô¶Ô∏è2 RECAMARAS SECUNDARIAS CON CLOSET,  BA√ëO COMPLETO Y CLIMA‚ô¶Ô∏èESTUDIO",68277.0,2.0
SE VENDE CASA EN LA COLONIA LIBERTAD - (3),Mitula,Casa,"oaxaca, oaxaca, ejido guadalupe victoria",2750000,5.0,3.0,103.0,109.0,"Se vende propiedad para inversionistas, con ubicaci√≥n estrat√©gica, muy cerca de la Central de Abastos y el Centro de la ciudad, lista para habitar o ideal para cualquier negocio. (3)",68277.0,
CASA EN VENTA EN LA REFORMA - (3),Mitula,Casa,"oaxaca, oaxaca, diaz ordaz",4500000,2.0,2.0,140.0,161.0,"EN UNA DE LAS CALLES MAS TRANQUILAS DE LA REFORMA SE ENCUENTRA ESTA CASA CON TODOS LOS SERVICIOS CERCA, ESTA CASA CUENTA CON UN PATIO PARA PASAR UNOS GRATOS MOMENTOS CON LA FAMILIA (3)",68040.0,
CASA EN VENTA CON LOCALES COMERCIALES  - (3),Mitula,Casa,"oaxaca, oaxaca, oaxaca centro",20450000,5.0,4.0,407.0,545.0,"CASA HABITACION CON DISTRIBUIDOR, DESAYUNADOR, SALA COMEDOR,COCINA, TRES RECAMARAS, BA√ëO COMPLETO, CUARTO DE LAVADO Y PLANCHADO,CORREDORES Y PATIO, Y AL FONDO UN DEPARTAMENTO CON SALA COMEDORCOCINA Y DOS RECAMARASTIENE 2 LOCALES COMERCIALES (3)",68000.0,
CASA EN VENTA EN SAN FELIPE - (3),Mitula,Casa,"oaxaca, oaxaca, barrio la chigulera",4500000,3.0,2.0,141.0,205.0,Hermosa casa habitacional en una zona exclusiva de San Felipe ideal para salir hacer ejercicio hacia las monta√±as (3),68026.0,
CASA EN EL CENTRO DE OAXACA - (3),Mitula,Casa,"oaxaca, oaxaca, estrella",35000000,10.0,4.0,583.0,395.0,"PRECIOSA CASA EN EL CENTRO DE OAXACA EN PERFECTAS CONDICIONES, CON MUCHA HISTORIA, DONDE VIVIO EL GENERAL GARCIA VIGIL (3)",68045.0,
CASA EN VENTA EN LA COLONIA REFORMA - (3),Mitula,Casa,"oaxaca, oaxaca, reforma",8900000,5.0,4.0,378.0,270.0,"Magnifica oportunidad de inversi√≥n, en unos de los sectores m√°s cotizados de la ciudad de Oaxaca, casa en venta con uso de suelo Mixto, cuenta con aval√∫o,  planos estructurales, planos arquitect√≥nicos, y dictamen de seguridad estructural con conclusi√≥n de que NO PRESENTA DA√ëOS. (3)",68050.0,
Casa en Obra Negra - (3),Mitula,Casa,"oaxaca, oaxaca, lazaro cardenas 1a secc",2975000,4.0,4.0,600.0,240.0,"Casa en Obra Negra en Venta.  Con 600 metros de construcci√≥n y 240 metros de terreno. La propiedad se vende tal cual se muestran las fotos, para elegir los acabados y distribuci√≥n que desees en tu nueva casa. El proyecto est√° conformado de la siguiente manera.  Planta baja: cochera, sala comedor, cocina,  1/2 ba√±o y cisterna.Planta  alta: 4  habitaciones, 4 ba√±os y una sala de estar.Rooftop: Terraza de descanso, convivencia y cuarto de servicio.Propiedad Ejidal. (3)",68140.0,1.0
CASA EN EL EX-MARQUESADO SOBRE AV. PRINCIPAL - (3),Mitula,Casa,"oaxaca, oaxaca, oaxaca centro",12500000,7.0,5.0,340.0,418.0,"Hermosa casa catalogada estilo colonial en el barrio del Exmarquesado, la propiedad cuenta con patio central, 3 recamaras, 3 ba√±os, cocina, comedor y √°rea de servicios, con dos amplios locales comerciales (40m2 y 20m2) y dos departamentos con entrada independiente de 2 recamaras cada uno, ideal para diferentes giros de inversi√≥n, ubicada en Avenida importante que le otorga gran conectividad con la ciudad y el centro hist√≥rico de Oaxaca. (3)",68000.0,
ATENCION INVERSIONISTAS - (3),Mitula,Casa,"oaxaca, oaxaca, benito juarez",13000000,10.0,9.0,890.0,1225.0,"Atenci√≥n inversionistasRemax Cantera propone casa en venta, la cual se encuentra en una excelente ubicaci√≥n, a media cuadra de la Carretera Internacional, en Pueblo Nuevo Oaxaca, cerca del crucero comercial de Viguera, rodeada de centros comerciales: farmacias del ahorro, Coppel, Miniabastos, escuelas, plantel educativo COBAO. A 20 minutos de la ciudad de Oaxaca, en autom√≥vil.Esta propiedad se compone de un edificio de dos niveles utilizado para casa habitaci√≥n, y otro edificio con habitaciones con ba√±o para renta.Casa principal, cuenta con: sala, comedor, dos cocinas, una de ellas es cocina tradicional y la otra cuenta con cocina integral en renovaci√≥n, 10 rec√°maras, la recamara principal cuenta con ba√±o incluido, y las otras 9 rec√°maras comparten 4 ba√±os.Rec√°maras y departamento para renta:  cuenta con 10 rec√°maras con ba√±o integrado, 4 recamaras con ba√±o compartido. Adem√°s, cuenta con un departamento de 2 rec√°maras, sala, comedor, cocina, 1 ba√±o y patio de servicio. Cuenta con un sal√≥n de eventos especiales, con todos los servicios. √Årea arbolada y gran jard√≠n, excelente para hotel, restaurante, oficinas.Cuenta con todos los servicios: agua potable, cisterna, energ√≠a el√©ctrica, drenaje. Calles pavimentadas.R√©gimen ejidal. (3)",68030.0,
Casa en Venta en la Colonia Volcanes - (3),Mitula,Casa,"oaxaca, oaxaca, volcanes",7400000,6.0,4.0,350.0,366.0,"Propiedad en la colonia Volcanes, Oaxaca, cuenta con seis habitaciones, todas equipadas con cl√≥set para mayor comodidad. Adem√°s, cuenta con cocina integral, una terraza para disfrutar al aire libre, un cuarto de televisi√≥n para momentos de entretenimiento y un pr√°ctico cuarto de lavado. Los cuatro ba√±os completos aseguran que haya suficiente espacio para todos los residentes. Y para aquellos que poseen varios autos, el estacionamiento tiene capacidad para cinco veh√≠culos, es una ventaja adicional. Una vivienda ideal para una familia numerosa o aquellos que buscan mucho espacio y comodidades en su hogar.Adem√°s de sus amplias comodidades, esta casa en la colonia Volcanes, Oaxaca, tambi√©n representa una magn√≠fica oportunidad para desarrolladores. Su terreno y ubicaci√≥n estrat√©gica son ideales para construir un edificio de departamentos habitacionales. Con la demanda de viviendas en la zona, este proyecto podr√≠a ofrecer una excelente inversi√≥n y proporcionar espacios modernos y funcionales para futuros residentes. Una propuesta atractiva para aquellos interesados en el desarrollo inmobiliario y maximizar el potencial de este valioso terreno.  (3)",68020.0,5.0
AMPLIA CASA EN VENTA A 5 MINUTOS DE LA IGLESIA DESAN FELIPE,Mitula,Casa,"oaxaca, oaxaca, ejido guadalupe victoria",5300000,3.0,4.0,413.0,161.0,"üî∞AMPLIA CASA EN VENTA EN EXCELENTE UBICACI√ìN A 5 MINUTOS DE LA IGLESIA DE SAN FELIPE.CARACTERISTICAS:$5,300,000‚ñ™Ô∏èTERRENO: 161 M2‚ñ™Ô∏èCONSTRUCCION: 413 M2PRIMER NIVEL‚ô¶Ô∏èESTACIONAMIENTO TECHADO PARA 2 AUTOS‚ô¶Ô∏èESTANCIASEGUNDO NIVEL‚ô¶Ô∏èAMPLIA E ILUMINADA AREA DE SALA COMEDOR‚ô¶Ô∏èAMPLIA COCINA EQUIPADA‚ô¶Ô∏èMEDIO BA√ëO‚ô¶Ô∏èPATIO DE SERVICIO‚ô¶Ô∏èCUARTO DE SERVICIO CON BA√ëO COMPLETO‚ô¶Ô∏èCUBO DE LUZ NATURALTERCER NIVEL‚ô¶Ô∏èAMPLIA RECAMARA PRICIPAL CON BA√ëO COMPLETO, VESTIDOR Y CLIMA‚ô¶Ô∏è2 RECAMARAS SECUNDARIAS CON CLOSET,  BA√ëO COMPLETO Y CLIMA‚ô¶Ô∏èESTUDIO",68277.0,2.0
EN VENTA AMPLIA CASA CERCA DE LA UNIVERSIDAD LASALLE ZONA NORTE CON ALBERCA,Mitula,Casa,"oaxaca, oaxaca, ejido guadalupe victoria",8800000,3.0,3.0,342.0,210.0,"üí¢SE VENDE CASA  CERCA DE LA UNIVERSIDAD LA SALLE, EN  EJIDO GUADALUPE VICTORIA.üí¢‚úÖ$8,800,000‚ñ™Ô∏èTerreno: 210.88 m2‚ñ™Ô∏èConstrucci√≥n: 342.52 m2*Caracter√≠sticas**Primer Nivel*:üîπCochera techada para 3 veh√≠culos con port√≥n el√©ctricoüîπRecibidor con ba√±o para visitasüîπMini Bar con aire acondicionado üîπJardinera con una mini bodegaüîπ Sala -ComedorüîπAmplia cocina equipada üîπAlacenaüîπTerraza con Alberca climatizada *Segundo Nivel:*üîπ1 Rec√°mara con Vestidor , Ba√±o completo con canceleria de vidrio templado y aire acondicionado üîπ1 Rec√°mara con amplio closet , ba√±o completo con canceleria y aire acondicionado *Tercer Nivel:*üîπ Amplia Recamara Principal con aire acondicionado, terraza , lavabo doble, ba√±o, Amplio vestidor y vapor.üîπCuarto de lavado üîπCloset de blancos Azotea:üîπTecho completamente con losetaüîπCalentadorüîπ Hidroneum√°tico*Adicionales*:üî∏Cuarto de m√°quinas para la alberca üî∏Cerca El√©ctricaüî∏Alarmaüî∏ Video portero üî∏Cisterna de 20,000 ltsüî∏Todas las ventanas cuentan con mosquiteros y cortinas black out.",68277.0,3.0
CASA EN OBRA NEGRA DE OPORTUNIDAD EN SAN LUIS BELTRAN,Mitula,Casa,"iglesia de san luis beltran, camino real, agencia de policia san luis beltran, oaxaca de juarez, oaxaca, mexico",3800000,5.0,2.0,200.0,260.0,"Excelente oportunidad de adquirir una propiedad edificada con construcci√≥n tradicional, se encuentra ya en fase de acabados, practicamente es obra gris.",68276.0,
VENTA DE HERMOSAS CASAS LOFT NUEVAS EN 7 REGIONES OAXACA,Mitula,Casa,"7 regiones, oaxaca de juarez, oaxaca, mexico",2650000,2.0,1.0,60.0,100.0,"Casa loft en venta en la Colonia 7 Regiones consta de Planta baja y dos niveles.Concepo de dise√±o Loft industrial.Vivienda contempor√°nea.Terreno 60m2, construcci√≥n 100m2Propiedad de car√°cter definitivo en condominio.PRECIO VENTAüí≤2'650,000.00‚úÖIncluye lo siguiente:‚úÖPlanta baja techada para estacionamiento de 2 autos y un  jard√≠n lateral a todo lo largo.üíØLa planta baja tambi√©n puede ser usada como oficina o local comercial, porque est√° techada.üìåEl primer nivel es un espacio abierto integrando sala-comedor-cocina tambi√©n incluye un medio ba√±o y lavander√≠a.üìåEn el Segundo nivel tenemos 2 habitaciones y 1 ba√±o completo, con mamparas en regadera de cristal templado. Cada habitaci√≥n tiene cl√≥set y amplio ventanal.üìåLa vivienda incluye escalera interior para acceso a la azotea, c√≥mo continuaci√≥n de escalera interior, cubierta con un domo m√≥vil, que permite amplia iluminaci√≥n.üìåLa azotea podr√° ser usada como terraza al aire libre con barandal. Usted podr√° decorarla al gusto.‚úÖLa casa incluye calentador de 40lts, tanque de gas estacionario, cisterna 10 mil lts y sistema hidroneum√°tico para el servicio de ba√±os y cocina.üìåLa iluminaci√≥n general de la casa incluye l√°mparas en estilo vintage, arbotantes discretos color negro y tiras de iluminaci√≥n leds. Con la intenci√≥n de crear un ambiente relajado y confortable.üìåAcabados en puertas y pisos en madera natural, muros de durock con recubrimieto de tabique rojo aparente y estructura general de la vivienda con columnas y vigas de acero en color natural y muros de concreto armado.Se muestran previa cita. Precio sujeto a cambio sin previo aviso.",68023.0,2.0
AMPLIA CASA EN LA COLONIA EL ARENAL OAXACA,Mitula,Casa,"oaxaca, oaxaca, estado de oaxaca",2448000,4.0,2.0,161.0,204.0,"OPORTUNIDAD PARA INVERTIR EN ESTA HERMOSA CASA , AMPLIA. COMODA Y CON UNA EXCELENTE UBICACION A TAN SOLO 15 MINUTOS DEL CENTRO DE LA CIUDAD DE OAXACA DE JUAREZ.LA CASA CUENTA CON LOS SIGUIENTES ESPACIOS:Planta baja‚úÖ Sala.‚úÖ Comedor.‚úÖ Cocina‚úÖ Patio de servicio techada.‚úÖ Medio ba√±o para visitas.‚úÖ Jard√≠n posterior‚úÖ Jard√≠n delantero‚úÖ Cochera p/ 2 auto.Planta alta‚úÖ Amplio Vest√≠bulo.‚úÖ 4 Rec√°maras‚úÖ 2 ba√±os completos.AMENIDADES‚úÖ azotea preparada para roof garden.‚úÖ Cisterna de 5,000 lts. con bomba sumergible y electro nivel.‚úÖOpci√≥n a ampliaci√≥n de proyectoLIBRE DE GRAVAMENPROPIEDAD DEFINITIVAEJERCE TU CREDITO INFONAVIT. FOVISSSTE. HIPOTECARIOAGENDA TU VISISTA CONOCELA Y DECITE A INVERTIR EN TU PATRIMONIO",68144.0,2.0
"Casa en venta en Col. Antiguo Aeropuerto, Oaxaca.",Mitula,Casa,"privada alamos, reforma, oaxaca de juarez, oaxaca, mexico",4200000,3.0,2.0,250.0,200.0,"En venta casa uubicada en Col. Antiguo Aeropuerto, muy cerca de Chedraui de Col. Reforma. Magn√≠fica ubicaci√≥nen zona tranquila, de f√°cil acceso y de alta plusval√≠a, a 15 minutos del centro de la ciudad, a 100 m de Col. Reforma.Cerca de de la zona comercial,colegios de prestigio, Bancos, supermercados. cl√≠nicas.Construcci√≥n de dos plantas.Planta baja: Estacionamiento, amplia sala, comedor, cocina, ba√±o de visitas, jard√≠n, √°rea de lavado y tendido, cisterna.Segundo nivel: Sala de TV, terraza, 2 rec√°maras una de ellas con vestidor y ba√±o completo, 1 ba√±o completo m√°s, cuarto de servicio con ba√±o completo.Amenidades:Port√≥n y piso de loseta en cochera, cisterna con bomba, √°rea de servicio totalmente cerrada, bardas altas en per√≠metro, patio posterior con piso de loseta.No dejes pasar esta oportunidad de ser el due√±o de esta magn√≠fica casa, haz tu cita hoy mismo, ¬°te va encantar!Nota: El precio no incluye gastos de escrituraci√≥n e impuestos por adquisici√≥n del inmueble.",68050.0,1.0
PRECIOSA CASA REMODELADA EN LA PRIMERA ETAPA RICARDO FLORES MAGON,Mitula,Casa,"primera etapa, ricardo flores magon, oaxaca de juarez, oaxaca, mexico",2850000,3.0,3.0,135.0,68.0,"Casa construida en 2 plantas:üíπPlanta baja cuenta con:üìå Recibidor con protecci√≥n de fierroüìå1/2 Ba√±o, Sala-comedor, cocina integral, rec√°mara con cl√≥set de madera y ba√±o completoüìå Cisterna de 5,000 lt.,üíπ Planta alta cuenta con:üìå2 rec√°maras amplias con vestidor y  cl√≥set de madera y muebles de madera con gavetas y cajones üìåBa√±o en cada una de las recamarasüìåLa rec√°mara principal tiene un peque√±o balc√≥n con vista a la calle y protecci√≥n de herreria en un dise√±o arquitect√≥nico, que cumple con su funci√≥n.üìåEl vest√≠bulo de la escalera equipado con un cl√≥set de blancosüìå√Årea de servicio techada con plicarbonato, equipada con lavadero, instalaci√≥n para la lavadora,  calentador, hidroneum√°tico, 2 tinacos de 1,100 lt, tanque de gas estacionario, hay un cubo de luz y ventilaci√≥n con una escalera de fierro para subir a la azotea.üìåEquipada con mueble de madera bajo de la escalera de fierro.üìåCuenta con caj√≥n de estacionamiento asignado frente a la casa.Se muestra con previa cita.",68025.0,1.0
HERMOSA CASA EN EL FRACCIONAMIENTO SAN JOSE LA NORIA,Mitula,Casa,"san jose la noria, oaxaca de juarez, oaxaca, mexico",9380000,4.0,3.0,127.0,168.0,"Gran oportunidad de adquirir un inmueble remodelado en una zona segura, tranquila y de alta plusval√≠a.Casa en dos niveles, ofrece cochera para 2 autos, portones autom√°ticos, recibidor, estudio, bodega de servicio, medio ba√±o para visitas, sala, comedor, cocina con cocina integral, √°rea de servicio y escaleras de caracol para el √°rea de lavado, jard√≠n interior, escaleras para la planta alta donde encontraremos 4 rec√°maras, la principal y secundaria con ba√±o propio cada una, dos rec√°maras junior con el tercer ba√±o completo a su servicio y una sala de de tv.La casa tiene una cisterna de 10 mil litros, 3 tinacos y gas estacionario. ESTA LIBRE DE GRAVAMEN.Se muestra previa cita.",68276.0,2.0
"VENTA DE CASA EN GUADALUPE VICTORIA, OAXACA, OAXACA",Mitula,Casa,"macedonio alcala, guadalupe victoria, oaxaca de juarez, oaxaca, mexico",560000,3.0,2.0,250.0,300.0,"Hermosa propiedad en venta.La propiedad consta de 3 recamaras, 2 ba√±os y medio, 2 lugares de estacionamiento, sala, comedor y cocina integral.Todas las estancias con acabados modernos y atractivosUbicada en excelente zona, de alta PLUSVALIA, haz crecer tu patrimonio.Excelente oportunidad para invertir.La compra debe ser con recursos propios, NO SE ACEPTAN CREDITOS HIPOTECARIOS.Agenda tu cita virtual o en corporativo.Alexis Iba√±ez",68033.0,1.0
CASA NUEVA EN VENTA A 10 MIN DEL CENTRO DE LA CD DE OAXACA,Mitula,Casa,"walmart simbolos patrios, avenida simbolos patrios, colonia candiani, oaxaca de juarez, oaxaca, mexico",2650000,3.0,2.0,150.0,80.0,"CASA en VENTAAtr√°s de WALMART SIMBOLOS PATRIOS2 nivelesSala ‚Äì Comedor - Cocina 3 Recamaras (recamara principal con ba√±o y vestidor)2 ba√±os completos y un ¬Ω ba√±oCochera cerrada para un veh√≠culoCuarto de lavadoCisterna de 5 mil litros    Roof GardenUbicado a 300 metros de Wal-Mart S√≠mbolos PatriosPropiedad PrivadaTodos los serviciosPago de contando y se acepta INFONAVIT Total, FOVISSSTE y BancariosTerreno de 80 metros cuadradosMedidas: 8 x 10 metros150 m2 de construcci√≥nPrecio $ 2,650,000",68130.0,1.0
AMPLIA CASA EN ZONA NORTE VENTA A 10 MIN DEL CD DE OAXACA,Mitula,Casa,"volcanes, oaxaca de juarez, oaxaca, mexico",4700000,3.0,1.0,203.0,322.0,"AMPLIA CASA EN ZONA NORTE EN VENTAMuy cerca del mercados paz miguelesCasa de un solo nivel  Estacionamiento para 4 autos, patio de servicio, sala, comedor, cocina integral, 1 rec√°mara con ba√±o, 2 rec√°maras y un ba√±o independientepropiedad privada322 mts de superficie203 mts de construcci√≥n",68020.0,4.0
CASA EN SAN MARTIN A 2 KM DEL CENTRO DE LA CIUDAD,Mitula,Casa,"oaxaca, oaxaca, emiliano zapata",2100000,5.0,3.0,1.0,200.0,"¬°EXCELENTE OPORTUNIDAD!! PROPIEDAD EN VENTA EN SAN MARTIN MEXICAPAM, EN EL MUNICIPIO DE OAXACA DE JUAREZ CON UNA EXCELENTE UBICACI√ìN: 1.3 km del Periferico 2 Km del centro de la ciudad 1.4 Km de Plaza Bella  500 mts de Riveras de Atoyac Terreno 200 mts2 Inversi√≥n $2,100,000 Mas informaci√≥n al",68148.0,
EN VENTA CASA 4 RECAMARAS LOMAS DEL CRESTON CERCA ISSSTE OAXACA,Mitula,Casa,"oaxaca, oaxaca, lomas del creston",8900000,4.0,4.0,463.0,200.0,"HERMOSA RESIDENCIA UBICADA EN ZONA DE GRAN PLUSVALIAUBICADA EN LOMAS DEL CRESTON.CARACTERISTICAS:COCHERA PARA 2 AUTOSPORTON AUTOMATICO.PATIO C/CISTERNA 9MIL LTS.BARDAS ELECTRIFICADASVIDEO PORTEROPRIMER NIVEL: ESTANCIA ILUMINADA CON LAMPARAS LEDS, BALCON CON VISTA AGRADABLEAMPLIO COMEDOR CON MUY BUENA ILUMINACION, PISOS ESTILO AMADERADO, VENTANALES AMPLIOS Y BALCONCOCINA EQUIPADA CON ALACENAS, ISLA CON PARRILLA Y CAMPANA COLGANTE(Video portero)BONITA Y AMPLIA TERRAZAMEDIO BA√ëOSUBNIVEL:2 RECAMARAS AMPLIAS CON CLOSETS, CON PATIO TERRAZA Y JARDINERASBA√ëO COMPLETO EN CADA RECAMARATERCER NIVEL:1 RECAMARA PRINCIPAL CON AMPLIO VESTIDOR.VENTANALES AMPLIOS, BALCON.1 BA√ëO COMPLETO.1 RECAMARA CON CLOSET Y BALCON CON AGRADABLE VISTA.1 BA√ëO COMPLETO.1 AREA DE LAVADO CON BA√ëO COMPLETO.1 PATIO PARA TENDIDOCUARTO NIVEL:2 ROOF GARDEN CON AGRADABLE VISTA PANORAMICASUPERFICIE TERRENO: NORTE: 24.20, SUR: 23.71, ESTE: 9MTS, AL ORIENTE: 7 MTS2CONSTRUCCION: 463.52 MTS2Cercano a centros comerciales, bancos, colegios, hospitales, transportes.",68024.0,2.0
