title,seller,property_type,address,price,bedrooms,bathrooms,built_area,land_area,description,publication_date,zip_code,parking
"SE VENDE LINDA CASA EN SAN  FELIPE  DEL AGUA , CALLE JACARANDAS,Nuroa",Nuroa,Casa,volcanes,5500000.0,4.0,4.0,300.0,200.0,"Suave y acogedora es lo que describe a casa Mar√≠a Luisa.SE VENDE AMPLIA CASA EN SAN FELIPE DEL AGUA.Construida en tres niveles cuenta cuatro habitaciones, ubicada en la avenida Jacarandas, dan Felipe del agua, cuenta con espacios muy amplios en toda la casa, cerca de todos los servicios p√∫blicos.*Primer nivelCochera para dos autosRecibidorSalaComedorMedio ba√±oCocina integral equipadaLavander√≠aUna rec√°mara con ba√±o completo y vestidorSegundo nivelDos recamaras Cada una con ba√±o completo.Cada rec√°mara cuenta con balc√≥nTerraza con √°rea socialTercer nivelUna rec√°mara con vestidor y un ba√±o completoTerrazaCubo de luzServiciosCisternaGas estacionarioSuperficie de terreno : 200M2Superficie de construcci√≥n:300 M2Desde $5,500, 000.00 MDPCitas e informes al",4 may 2023 - Publicado por GABRO,68020.0,2.0
"Hermosa casa en venta,Nuroa",Nuroa,Casa,jardin,1850000.0,5.0,3.0,200.0,150.0,"Casa de dos niveles espaciosa, ideal para ver crecer a la familia consta en planta baja de patio, garage para 1 auto, estancia, sanitario, comedor, cocina, √°rea de lavado, y traspatio, en planta alta vest√≠bulo, cinco rec√°maras y tres ba√±os, desplantada sobre un terreno de 150 m2, y 200 m2 de construccion, cuenta con una cisterna 5 m3 y tinacos con capacidad de 11 m3.",3 may 2023 - Publicado por Braulio Rogelio Carrasco Gonz√°lez,68023.0,1.0
"Casa en Obra Negra - (3),Nuroa",Nuroa,Casa,lazaro cardenas 1a secc,2975000.0,4.0,4.0,600.0,240.0,"Casa en Obra Negra en Venta.  Con 600 metros de construcci√≥n y 240 metros de terreno. La propiedad se vende tal cual se muestran las fotos, para elegir los acabados y distribuci√≥n que desees en tu nueva casa. El proyecto est√° conformado de la siguiente manera.  Planta baja: cochera, sala comedor, cocina,  1/2 ba√±o y cisterna.Planta  alta: 4  habitaciones, 4 ba√±os y una sala de estar.Rooftop: Terraza de descanso, convivencia y cuarto de servicio.Propiedad Ejidal. (3)",28 jul 2023 - Publicado por REMAX cantera,68140.0,1.0
"HERMOSA CASA EN SAN LUIS BELTRAN CON VISTA AL PARQUE NACIONAL,Nuroa",Nuroa,Casa,donaji,2850000.0,4.0,3.0,200.0,212.0,"EXCELENTE OPORTUNIDAD DE HACERTE DE TU CASA PROPIA EN UNA ZONA AGRADABLE, CON MUCHA AGUA Y CON VISTAS INCREIBLES A LA CIUDAD Y MONTA√ëA.Esta propiedad est√° en obra gris, lista para recibir pintura y acabados que pueden ser elegidos por el comprador.Edificada en 2 niveles con roof garden, cuenta con los espacios de cochera para 4 autos, sala, comedor, cocina, √°rea de servicio, ba√±o completo en planta baja, rec√°mara o estudio, jard√≠n y patio posterior, escaleras, 3 rec√°maras con espacio para closet en planta alta, la principal con balc√≥n y ba√±o propio y 1 ba√±o completos al servicio de las rec√°maras junior. Se entrega con calentador solar y calentador de paso, tinaco y port√≥n de metal.",27 jul 2023 - Publicado por Edith Miguel,68023.0,4.0
"SE VENDE HERMOSA RESIDENCIA EN SAN FELIPE DEL AGUA,Nuroa",Nuroa,Casa,san felipe del agua,11500000.0,5.0,6.0,500.0,500.0,"Descripci√≥n.ENAM√ìRATE DE ESTA EXCLUSIVA PROPIEDAD EN SAN FELIPE DEL AGUA,Se vende hermosa Casa en San Felipe del Agua, ubicada a unas cuadras de la iglesia, construida en tres niveles con excelentes acabadosDirecci√≥n: n√∫meroPrimer nivel.Cochera techada para 2 autos.SalaComedorMedio ba√±oCisterna de 10,000 litros.Jard√≠n el cual tiene sembrado un √°rbol pochote representativo del estadoCocina integral Incluye estufa y campanaPatio de servicio.Medio ba√±o y estudio. Segundo nivel.Rec√°mara 1 con closet y ba√±o completo.Rec√°mara 2 con vestidor y ba√±o completo.Rec√°mara 3 con closet, ba√±o completo.Tercer nivel.Rec√°mara 5 con closet y ba√±o completo.Amplio rooof garden completamente techadoCuarto de m√°quinascuarto de servicio√Årea de socialMedio ba√±o.En el techo de la rec√°mara del 3 nivel est√°n instalados el tinaco y gas estacionario.Todas las recamaras y sala comedor cuentan con la preparaci√≥n para clima.220 metros de terreno.500 metros de construcci√≥n.Precio de venta:$ 11,500,000.00 ( once millones quinientos mil pesos 00/100 M.N )CITAS E INFORMES AL",31 may 2023 - Publicado por GABRO,68026.0,2.0
"Casa en Venta en la Colonia Volcanes - (3),Nuroa",Nuroa,Casa,volcanes,7400000.0,6.0,4.0,350.0,366.0,"Propiedad en la colonia Volcanes, Oaxaca, cuenta con seis habitaciones, todas equipadas con cl√≥set para mayor comodidad. Adem√°s, cuenta con cocina integral, una terraza para disfrutar al aire libre, un cuarto de televisi√≥n para momentos de entretenimiento y un pr√°ctico cuarto de lavado. Los cuatro ba√±os completos aseguran que haya suficiente espacio para todos los residentes. Y para aquellos que poseen varios autos, el estacionamiento tiene capacidad para cinco veh√≠culos, es una ventaja adicional. Una vivienda ideal para una familia numerosa o aquellos que buscan mucho espacio y comodidades en su hogar.Adem√°s de sus amplias comodidades, esta casa en la colonia Volcanes, Oaxaca, tambi√©n representa una magn√≠fica oportunidad para desarrolladores. Su terreno y ubicaci√≥n estrat√©gica son ideales para construir un edificio de departamentos habitacionales. Con la demanda de viviendas en la zona, este proyecto podr√≠a ofrecer una excelente inversi√≥n y proporcionar espacios modernos y funcionales para futuros residentes. Una propuesta atractiva para aquellos interesados en el desarrollo inmobiliario y maximizar el potencial de este valioso terreno.  (3)",30 jul 2023 - Publicado por REMAX cantera,68020.0,5.0
"Se vende casa en Fraccionamiento. - (3),Nuroa",Nuroa,Casas En Condominios,fraccionamiento villas montealban,1290000.0,3.0,2.0,61.0,94.0,"Esta casa cuenta con estacionamiento privado hasta 2 veh√≠culos.En planta baja se encuentra la sala comedor, cocina con barra desayunador, 2 recamaras una de ellas podr√≠a adecuarse a estudio, ba√±o completo y √°rea de servicio.En la segunda planta, recamara  y ba√±o completo. (3)",4 ago 2023 - Publicado por REMAX cantera,68143.0,2.0
"PRECIOSA CASA REMODELADA EN LA PRIMERA ETAPA RICARDO FLORES MAGON,Nuroa",Nuroa,Casa,unidad habitacional ricardo flores magon,2850000.0,3.0,3.0,135.0,68.0,"Casa construida en 2 plantas:üíπPlanta baja cuenta con:üìå Recibidor con protecci√≥n de fierroüìå1/2 Ba√±o, Sala-comedor, cocina integral, rec√°mara con cl√≥set de madera y ba√±o completoüìå Cisterna de 5,000 lt.,üíπ Planta alta cuenta con:üìå2 rec√°maras amplias con vestidor y  cl√≥set de madera y muebles de madera con gavetas y cajones üìåBa√±o en cada una de las recamarasüìåLa rec√°mara principal tiene un peque√±o balc√≥n con vista a la calle y protecci√≥n de herreria en un dise√±o arquitect√≥nico, que cumple con su funci√≥n.üìåEl vest√≠bulo de la escalera equipado con un cl√≥set de blancosüìå√Årea de servicio techada con plicarbonato, equipada con lavadero, instalaci√≥n para la lavadora,  calentador, hidroneum√°tico, 2 tinacos de 1,100 lt, tanque de gas estacionario, hay un cubo de luz y ventilaci√≥n con una escalera de fierro para subir a la azotea.üìåEquipada con mueble de madera bajo de la escalera de fierro.üìåCuenta con caj√≥n de estacionamiento asignado frente a la casa.Se muestra con previa cita.",3 ago 2023 - Publicado por Edith Miguel,68025.0,1.0
"HERMOSA CASA EN EL FRACCIONAMIENTO SAN JOSE LA NORIA,Nuroa",Nuroa,Casa,fraccionamiento san jose de la noria,9380000.0,4.0,3.0,127.0,168.0,"Gran oportunidad de adquirir un inmueble remodelado en una zona segura, tranquila y de alta plusval√≠a.Casa en dos niveles, ofrece cochera para 2 autos, portones autom√°ticos, recibidor, estudio, bodega de servicio, medio ba√±o para visitas, sala, comedor, cocina con cocina integral, √°rea de servicio y escaleras de caracol para el √°rea de lavado, jard√≠n interior, escaleras para la planta alta donde encontraremos 4 rec√°maras, la principal y secundaria con ba√±o propio cada una, dos rec√°maras junior con el tercer ba√±o completo a su servicio y una sala de de tv.La casa tiene una cisterna de 10 mil litros, 3 tinacos y gas estacionario. ESTA LIBRE DE GRAVAMEN.Se muestra previa cita.",3 ago 2023 - Publicado por Edith Miguel,68120.0,2.0
"VENTA DE HERMOSAS CASAS LOFT NUEVAS EN 7 REGIONES OAXACA,Nuroa",Nuroa,Casa,7 regiones,2650000.0,2.0,1.0,60.0,100.0,"Casa loft en venta en la Colonia 7 Regiones consta de Planta baja y dos niveles.Concepo de dise√±o Loft industrial.Vivienda contempor√°nea.Terreno 60m2, construcci√≥n 100m2Propiedad de car√°cter definitivo en condominio.PRECIO VENTAüí≤2'650,000.00‚úÖIncluye lo siguiente:‚úÖPlanta baja techada para estacionamiento de 2 autos y un  jard√≠n lateral a todo lo largo.üíØLa planta baja tambi√©n puede ser usada como oficina o local comercial, porque est√° techada.üìåEl primer nivel es un espacio abierto integrando sala-comedor-cocina tambi√©n incluye un medio ba√±o y lavander√≠a.üìåEn el Segundo nivel tenemos 2 habitaciones y 1 ba√±o completo, con mamparas en regadera de cristal templado. Cada habitaci√≥n tiene cl√≥set y amplio ventanal.üìåLa vivienda incluye escalera interior para acceso a la azotea, c√≥mo continuaci√≥n de escalera interior, cubierta con un domo m√≥vil, que permite amplia iluminaci√≥n.üìåLa azotea podr√° ser usada como terraza al aire libre con barandal. Usted podr√° decorarla al gusto.‚úÖLa casa incluye calentador de 40lts, tanque de gas estacionario, cisterna 10 mil lts y sistema hidroneum√°tico para el servicio de ba√±os y cocina.üìåLa iluminaci√≥n general de la casa incluye l√°mparas en estilo vintage, arbotantes discretos color negro y tiras de iluminaci√≥n leds. Con la intenci√≥n de crear un ambiente relajado y confortable.üìåAcabados en puertas y pisos en madera natural, muros de durock con recubrimieto de tabique rojo aparente y estructura general de la vivienda con columnas y vigas de acero en color natural y muros de concreto armado.Se muestran previa cita. Precio sujeto a cambio sin previo aviso.",3 ago 2023 - Publicado por Edith Miguel,68023.0,2.0
"SE VENDE INMUEBLE  IDEAL PARA NEGOCIO Y VIVIENDA,Nuroa",Nuroa,Casa,montoya,2350000.0,6.0,2.0,220.0,139.0,"Una Gran oportunidad para invertir y ubicar tu propio negocio, esta propiedad est√°  a 3 cuadras de PLAZA BELLA en el Fraccionamiento Montoya.Enfrente hay un parque y alrededor varios negocios de diferentes giros comerciales.PLANTA BAJA:CocinaSalaComedor2 RecamarasLocal comercial Cochera para un veh√≠culo Ba√±o completoPatio de servicioCisterna 7500 Lts.Pasillo lateral de servicioPLANTA ALTA:4 recamaras Un ba√±o completo 1/2 Ba√±o Entrada independiente Corredor amplioCalentador solar en azotea Adquiere el hogar que est√°s buscando, agenda tu visita al,. EasyBroker ID: EB-NV6065","Hace 2 semanas, 5 d√≠as - Publicado por Hgrie grupo inmobiliario",68143.0,1.0
"SE VENDE CASA EN FRACCIONAMIENTO LA JOYA,Nuroa",Nuroa,Casa en Fraccionamiento,lazaro cardenas 1a secc,1299000.0,3.0,1.0,80.0,80.0,"ESTA BONITA CASA CUENTA CON LO SIGUIENTE  3 rec√°maras  2 Ba√±os  Patio de servicio  cisterna de 5mil litros  Caj√≥n de estacionamiento  Sala - Comedor  Cocina $1,299,000Dentro de fraccionamiento","Hace 2 semanas, 5 d√≠as - Publicado por Bienes Ra√≠ces Oaxaca",68140.0,1.0
"EN VENTA CASA 4 RECAMARAS LOMAS DEL CRESTON CERCA ISSSTE OAXACA,Nuroa",Nuroa,Casa,lomas del creston,8900000.0,4.0,4.0,463.0,200.0,"HERMOSA RESIDENCIA UBICADA EN ZONA DE GRAN PLUSVALIAUBICADA EN LOMAS DEL CRESTON.CARACTERISTICAS:COCHERA PARA 2 AUTOSPORTON AUTOMATICO.PATIO C/CISTERNA 9MIL LTS.BARDAS ELECTRIFICADASVIDEO PORTEROPRIMER NIVEL: ESTANCIA ILUMINADA CON LAMPARAS LEDS, BALCON CON VISTA AGRADABLEAMPLIO COMEDOR CON MUY BUENA ILUMINACION, PISOS ESTILO AMADERADO, VENTANALES AMPLIOS Y BALCONCOCINA EQUIPADA CON ALACENAS, ISLA CON PARRILLA Y CAMPANA COLGANTE(Video portero)BONITA Y AMPLIA TERRAZAMEDIO BA√ëOSUBNIVEL:2 RECAMARAS AMPLIAS CON CLOSETS, CON PATIO TERRAZA Y JARDINERASBA√ëO COMPLETO EN CADA RECAMARATERCER NIVEL:1 RECAMARA PRINCIPAL CON AMPLIO VESTIDOR.VENTANALES AMPLIOS, BALCON.1 BA√ëO COMPLETO.1 RECAMARA CON CLOSET Y BALCON CON AGRADABLE VISTA.1 BA√ëO COMPLETO.1 AREA DE LAVADO CON BA√ëO COMPLETO.1 PATIO PARA TENDIDOCUARTO NIVEL:2 ROOF GARDEN CON AGRADABLE VISTA PANORAMICASUPERFICIE TERRENO: NORTE: 24.20, SUR: 23.71, ESTE: 9MTS, AL ORIENTE: 7 MTS2CONSTRUCCION: 463.52 MTS2Cercano a centros comerciales, bancos, colegios, hospitales, transportes.","Hace 2 semanas, 6 d√≠as - Publicado por Inmuebles Oaxaca",68024.0,2.0
"HERMOSA CASA EN VENTA EN LA COLONIA CASCADA,Nuroa",Nuroa,Casa,la cascada,4750000.0,3.0,3.0,239.0,239.0,"üîπHERMOSA CASA EN VENTA EN COLONIA LA CASCADA üîπüìå(Excelente ubicaci√≥n)BIENVENIDOS LOS CREDITOSüîó239 M2Caracter√≠sticasüî∏Planta baja:  ‚ñ™Ô∏èGarage para un auto  ‚ñ™Ô∏èCuarto de servicio  ‚ñ™Ô∏èSala  ‚ñ™Ô∏èComedor  ‚ñ™Ô∏èCocina  ‚ñ™Ô∏èEstudio  ‚ñ™Ô∏èMedio ba√±o  ‚ñ™Ô∏èPatio traseroüî∏Plata Alta:  ‚ñ™Ô∏è1 Rec√°mara principal con Closet/vestidor y ba√±o  ‚ñ™Ô∏è2 rec√°maras secundarias  ‚ñ™Ô∏è1 ba√±o completo  ‚ñ™Ô∏èCerca electrificada  ‚ñ™Ô∏èC√°maras de seguridad  ‚ñ™Ô∏èTanque estacionario  ‚ñ™Ô∏èCisterna de 8,000 lt  üîñ$ 4,750,000Aprovecha esta oportunidad en zona de Alta Plusvalia","Hace 2 semanas, 2 d√≠as - Publicado por Bienes Ra√≠ces Oaxaca",68040.0,1.0
"SE VENDE HERMOSA Y AMPLIA CASA EN DONAJI ZONA NORTE,Nuroa",Nuroa,Casa,volcanes,5300000.0,5.0,7.0,263.0,221.0,"üè°Hermosa casa en Venta en colonia Donaji zona norte de la ciudad, üè°con amplio Jardin.üè°üîπCasa en esquina ‚ñ™Ô∏èTerreno: 221.28 m2‚ñ™Ô∏èconstrucci√≥n: 263.09 m2üîπ$5,300,000Planta Baja‚úÖSala‚úÖComedor‚úÖCocina‚úÖ2 recamaras con ba√±o‚úÖ1/2 ba√±o‚úÖCuarto de lavado‚úÖ√Årea de Servicio‚úÖCochera para dos autosPLANTA ALTA‚úÖ1 Recamara con vestidor y ba√±o‚úÖ2 recamaras con ba√±o‚úÖSala de TV‚úÖ1/2 ba√±o","Hace 2 semanas, 2 d√≠as - Publicado por Bienes Ra√≠ces Oaxaca",68020.0,1.0
"PROPIEDAD CON 6 DEPARTAMENTOS Y CASA - (3),Nuroa",Nuroa,Casa,reforma,30000000.0,10.0,10.0,760.0,839.0,"PROPIEDAD MUY BIEN UBICADA CON 6 DEPARTAMENTOS Y CASA, IDEAL PARA INVERSIONISTAS PREDIO CONSTRUIDO EN CUATRO BLOQUES, 1.-) UN EDIFICIO DE TRES NIVELES QUE TIENE EN PLANTA BAJA COCHERA Y LOS DOS NIVELES SUPERIORES UNOSDEPARTAMENTOS QUE CONSTAN DE UNA SALA, COMEDOR, COCINETA, UNA RECAMARA Y UN BA√ëO COMPLETO, 2.-)CASA HABITACION EN UN SOLO NIVEL QUECONSTA DE ACCESO DE LA CALLE, RECIBIDOR, SALA FAMILIAR, COMEDOR, COCINA, PASILLO DISTRUBUIDOR, MEDIO BA√ëO DE VISITAS, TRES RECAMARAS , UNBA√ëO COMPLETO, RECAMARA PRINCIPAL CON BA√ëO COMPLETO Y VESTIDOR, TERRAZA CUBIERTA Y AREAS DE JARDIN. 3.-) DEPARTAMENTOS DE UNA SOLARECAMARA CONSTRUIDOS EN DOS NIVELES CON ESTANCIA-COMEDOR,COCINA, ESCALERAS Y EN PLANTA ALTA UNA RECAMARA CON BA√ëO COMPLETO. Y 4.-)DEPARTAMENTOS DE DOS RECAMARAS EN DOS NIVELES, Y CONSTAN EN PLANTA BAJA ESTANCIA, COMEDOR, COCINA, MEDIO BA√ëO ESCALERAS Y EN PLANTAALTA DOS RECAMARAS CON AREAS DE CLOSETS Y UN BA√ëO COMPLETO.ES UNA CONSTRUCCION DE TIPO TRADICIONAL, SE SUPONE CON CIMENTACIONES DE PIEDRA CANTERA Y CON ZAPATAS DE CONCRETO AISLADAS ARMADAS CONVARILLAS DE ACERO, MUROS DE LADRILLO ROJO RECOCIDO DE 14 CMS DE ESPESOR REPELLADOS Y PINTADOS, REFORZADOS CON CADENAS Y CASTILLOS DECONCRETO ARMADO, TECHOS DE LOSA DE CONCRETO ARMADO DE 12 CMS DE ESP. ARMADO CON VARILLAS DE 1/2"" y 3/8"" EN CLAROS LARGOS Y MEDIANOS,PISOS CON LOSETA VIDRIADA DE BUENA CALIDAD, ACABADO EN MUROS CON MEZCLA DE CEMENTO CAL ARENA CON ACABADO FINO Y YESO LISO, PINTADOSCON VINILICA, PLAFONES CON PINTURA VINILICA Y YESO LISO, PUERTAS DE INTERCOMUNICACION DE TAMBOR DE MADERA Y DE ANGULOS LIGEROS CONFORRO DE LAMINA, VENTANERIA DE ALUMINIO ANODIZADO, INSTALACIONES ELECTRICAS COMPLETAS Y OCULTAS POR PLAFON Y MUROS EN MANGERAPOLIDUCTO, INSTALACIONES SANITARIAS COMPLETAS Y OCULTAS, MUEBLES DE BA√ëOS PORCELANIZADOS DE COLOR, REGISTROS REGLAMENTARIOS, AZOTEASCON EMULSION ASFALTICA Y TEJA, TINACOS DE TIPO ROTOPLAS, BARDAS COLINDANTES REPELLADAS CON MORTERO ACABADO RUSTICO Y PORTONES DEACCESO DE MADERA CON HERRAJES METALICO (3)","Hace 2 semanas, 3 d√≠as - Publicado por REMAX cantera",68050.0,1.0
"CASA NUEVA EN VENTA ZONA NORTE DE OAXACA,Nuroa",Nuroa,Casa,manuel sabino crespo,3950000.0,4.0,3.0,230.0,150.0,"PRECIOSA CASA NUEVA EN VENTA EN LA ZONA NORTE DE OAXACAUBICADA EN LA COLONIA MANUEL SABINO CRESPO PERTENECIENTE AL MUNICIPIO DE OAXACA DE JUAREZ.La casa ofrece en planta baja:  Cochera para dos autos, sala, comedor, cocina con cocina integral al alto brillo, jard√≠n interior, patio de servicio, ba√±o completo, rec√°mara o estudio, escaleras para el primer nivel, rec√°mara principal con closet amplio y ba√±o completo propio, 2 rec√°maras secundarias, un segundo ba√±o completo para el servicio de las rec√°maras secundarias, continuaci√≥n de escaleras para el segundo nivel donde encontraremos el roof garden.La casa se entregar√° con pergola, tinaco de 1100 litros, gas estacionario, cisterna de 6500 litros,port√≥n el√©ctrico de tres hojas y puerta peatonal con chapa electrica.ACEPTAMOS TODOS LOS CREDITOS Y CONTADO.Tramites gratuitos, se muestra previa cita.","Hace 2 semanas, 2 d√≠as - Publicado por Edith Miguel",68045.0,2.0
"AMPLIA CASA EN VENTA A 5 MINUTOS DE LA IGLESIA DESAN FELIPE,Nuroa",Nuroa,Casa,ejido guadalupe victoria,5300000.0,3.0,4.0,413.0,161.0,"üî∞AMPLIA CASA EN VENTA EN EXCELENTE UBICACI√ìN A 5 MINUTOS DE LA IGLESIA DE SAN FELIPE.CARACTERISTICAS:$5,300,000‚ñ™Ô∏èTERRENO: 161 M2‚ñ™Ô∏èCONSTRUCCION: 413 M2PRIMER NIVEL‚ô¶Ô∏èESTACIONAMIENTO TECHADO PARA 2 AUTOS‚ô¶Ô∏èESTANCIASEGUNDO NIVEL‚ô¶Ô∏èAMPLIA E ILUMINADA AREA DE SALA COMEDOR‚ô¶Ô∏èAMPLIA COCINA EQUIPADA‚ô¶Ô∏èMEDIO BA√ëO‚ô¶Ô∏èPATIO DE SERVICIO‚ô¶Ô∏èCUARTO DE SERVICIO CON BA√ëO COMPLETO‚ô¶Ô∏èCUBO DE LUZ NATURALTERCER NIVEL‚ô¶Ô∏èAMPLIA RECAMARA PRICIPAL CON BA√ëO COMPLETO, VESTIDOR Y CLIMA‚ô¶Ô∏è2 RECAMARAS SECUNDARIAS CON CLOSET,  BA√ëO COMPLETO Y CLIMA‚ô¶Ô∏èESTUDIO","Hace 1 semana, 5 d√≠as - Publicado por Fiabilidad e Inversion en Bienes Ra√≠ces",68277.0,2.0
"HERMOSA CASA EN VENTA EN SAN FELIPE DEL AGUA,Nuroa",Nuroa,Casa,san felipe del agua,11499000.0,5.0,5.0,500.0,200.0,"En Venta Casa en San Felipe del AguaCuenta con 3 Niveles y amplios espacios‚úÖPrimer nivel:‚ñ™Ô∏èCochera techada para 2 autos.‚ñ™Ô∏èCisterna de 10,000 litros.‚ñ™Ô∏èJard√≠n el cual tiene sembrado un √°rbol representativo del estado, un Pochote.‚ñ™Ô∏èSala‚ñ™Ô∏èComedor‚ñ™Ô∏èCocina integral Incluye estufa y campana‚ñ™Ô∏èPatio de servicio‚ñ™Ô∏èMedio ba√±o ‚ñ™Ô∏èEstudio.‚úÖSegundo nivel:‚ñ™Ô∏èRec√°mara 1 con closet y ba√±o completo.‚ñ™Ô∏èRec√°mara 2 con vestidor y ba√±o completo.‚ñ™Ô∏èRec√°mara 3 con closet, ba√±o completo y jard√≠n en interior.‚ñ™Ô∏èRec√°mara 4  con closet y ba√±o completo.‚úÖTercer nivel:‚ñ™Ô∏èRec√°mara 5 con closet y ba√±o completo.‚ñ™Ô∏èCuarto de m√°quinas y √°rea y cuarto de servicio‚ñ™Ô∏è√Årea de alimentos‚ñ™Ô∏èMedio ba√±o.‚ñ™Ô∏èRoof Garden ampli√≥, la mayor parte techado.‚úÖAdicionales:‚ñ™Ô∏èEn el techo de la rec√°mara del 3 nivel est√°n instalados el tinaco y gas estacionario.‚ñ™Ô∏èTodas las recamaras y sala comedor cuentan con la preparaci√≥n para clima.üè°220 metros de terreno.üè°500 metros de construcci√≥n.üîπPrecio de venta: $ 11,499,000","Hace 1 semana, 5 d√≠as - Publicado por Fiabilidad e Inversion en Bienes Ra√≠ces",68026.0,2.0
"EN VENTA CASA EJIDO GUADALUPE VICTORIA 3 RECAMARAS OAXACA,Nuroa",Nuroa,Casa,ejido guadalupe victoria,5900000.0,3.0,3.0,280.0,200.0,"HERMOSA RESIDENCIA ubicada en Ejido Guadalupe VictoriaZona de plusval√≠a en zona norte de la ciudad.PRIMER NIVEL:Cochera para 2 AutosPort√≥n aut√≥maticoSala, comedor con ventanales ampliosagradable espacio en doble altura.Cocina integral1/2 ba√±o1 espacio amplio para gimnasio o para adecuar a sus necesidadesCuarto de servicio con Ba√±o completoArea de lavado (con lavadero)SEGUNDO NIVEL:1 Recamara principal con 1 ba√±o completo y vestidor2 Rec√°maras con Closets y 1 ba√±o completo compartidoCisterna 10 mil lts.Medidas: 10 x 20 = 200 m2Construcci√≥n: 280 m2Precio: $5,900,000","Hace 1 semana, 3 d√≠as - Publicado por Inmuebles Oaxaca",68277.0,2.0
"EN VENTA AMPLIA CASA CERCA DE LA UNIVERSIDAD LASALLE ZONA NORTE CON ALBERCA,Nuroa",Nuroa,Casa,ejido guadalupe victoria,8800000.0,3.0,3.0,342.0,210.0,"üí¢SE VENDE CASA  CERCA DE LA UNIVERSIDAD LA SALLE, EN  EJIDO GUADALUPE VICTORIA.üí¢‚úÖ$8,800,000‚ñ™Ô∏èTerreno: 210.88 m2‚ñ™Ô∏èConstrucci√≥n: 342.52 m2*Caracter√≠sticas**Primer Nivel*:üîπCochera techada para 3 veh√≠culos con port√≥n el√©ctricoüîπRecibidor con ba√±o para visitasüîπMini Bar con aire acondicionado üîπJardinera con una mini bodegaüîπ Sala -ComedorüîπAmplia cocina equipada üîπAlacenaüîπTerraza con Alberca climatizada *Segundo Nivel:*üîπ1 Rec√°mara con Vestidor , Ba√±o completo con canceleria de vidrio templado y aire acondicionado üîπ1 Rec√°mara con amplio closet , ba√±o completo con canceleria y aire acondicionado *Tercer Nivel:*üîπ Amplia Recamara Principal con aire acondicionado, terraza , lavabo doble, ba√±o, Amplio vestidor y vapor.üîπCuarto de lavado üîπCloset de blancos Azotea:üîπTecho completamente con losetaüîπCalentadorüîπ Hidroneum√°tico*Adicionales*:üî∏Cuarto de m√°quinas para la alberca üî∏Cerca El√©ctricaüî∏Alarmaüî∏ Video portero üî∏Cisterna de 20,000 ltsüî∏Todas las ventanas cuentan con mosquiteros y cortinas black out.","Hace 1 semana, 4 d√≠as - Publicado por Fiabilidad e Inversion en Bienes Ra√≠ces",68277.0,3.0
"EN VENTA CASA 3 RECAMARAS SAN FELIPE DEL AGUA OAXACA,Nuroa",Nuroa,Casa,san felipe del agua,7500000.0,3.0,4.0,460.0,300.0,En venta casa ubicada en san Felipe del AguaConstruida en material tradicional con algunos desniveles.A solo 4 minutos de la iglesia de San FelipeCaracter√≠sticas:Cochera techada para 2 veh√≠culosPort√≥n el√©ctrico.Area de lavadoCuarto de servicio1 ba√±o completo.Segundo nivel:Bonita terraza con √°rea de jard√≠nCocina integral equipadaSala con buena iluminaci√≥n (l√°mparas leds)Comedor1 antecomedor1 estudio1/2 ba√±o Cuenta con canceler√≠a espa√±ola.Jard√≠n trasero con muros de canteraJardineras.Tercer nivel:3 habitaciones con closetsCada 1 con su ba√±o completo.2 Areas de tvSistema de electrificaci√≥n y alarmaC√°maras de seguridadCisterna 20 mil ltsPrevia cita,"Hace 3 d√≠as, 10 horas - Publicado por Inmuebles Oaxaca",68026.0,2.0
"CASA EN VENTA MACEDONIO ALCALA GUADALUPE VICTORIA OAXACA DE JUAREZ,Nuroa",Nuroa,Casa,ejido guadalupe victoria,510000.0,4.0,3.0,387.0,221.0,"ESTA ES LA OPORTUNIDAD PARA REALIDAD TU SUE√ëO DE TENER UNA CASA PROPIA, INVIERTE EN UNA PROPIEDAD A UN EXCELENTE PRECIO MUY POR DE BAJO DE SU VALOR COMERCIAL, UBICADA EN UNA ZONA EXCLUSIVA DEL ESTADO DE OAXACA, ACCESO POR AVENIDAS PRINCIPALES, RODEADA DE ESCUELAS, TIENDAS, UNA ZONA MUY TRANQUILA PARA VIVIR, SU DISTRIBUCION ES DE : 4 AMPLIAS RECAMARAS, ESTUDIO, SALA ,COCINA, 3.5 BA√ëOS, AMPLIO ESPACIO PARA TENER A TUS MASCOTAS, 2 LUGARES DE ESTACIONAMIENTO, INVERSION TOTALMENTE SEGURA, ENTREGA GARANTIZADA",14 may 2023 - Publicado por Kioto-Alejandro Pe√±a,68277.0,1.0
"VENTA DE CASA EN, OAXACA,Nuroa",Nuroa,Casa,emiliano zapata,510000.0,4.0,3.0,381.0,221.0,"DESCRIPCION: ESTA ES LA OPORTUNIDAD PARA REALIDAD TU SUE√ëO DE TENER UNA CASA PROPIA, INVIERTE EN UNA PROPIEDAD A UN EXCELENTE PRECIO MUY POR DE BAJO DE SU VALOR COMERCIAL, UBICADA EN UNA ZONA EXCLUSIVA DEL ESTADO DE OAXACA, ACCESO POR AVENIDAS PRINCIPALES, RODEADA DE ESCUELAS, TIENDAS, UNA ZONA MUY TRANQUILA PARA VIVIR, SU DISTRIBUCION ES DE : 4 AMPLIAS RECAMARAS, ESTUDIO, SALA ,COCINA, 3.5 BA√ëOS, AMPLIO ESPACIO PARA TENER A TUS MASCOTAS, 2 LUGARES DE ESTACIONAMIENTO, INVERSION TOTALMENTE SEGURA, ENTREGA GARANTIZADA BAJO CONTRATO. ‚ÄúNO SE ACEPTAN CREDITOS‚Äù INFORMES CON: FRANCO SALDIVAR",15 may 2023 - Publicado por Kioto-franco Saldivar,68148.0,1.0
"VENTA DE CASA COLONIA AGENCIA DE POLICIAS GUADALUPE VICTORIA OAXACA OX,Nuroa",Nuroa,Casa,ejido guadalupe victoria,510000.0,4.0,3.0,350.0,200.0,"EXCELENTE OPORTUNIDAD DE HACER CRECER TU PATRIMONIO, TENGO A LA VENTA UNA MARAVILLOSA CASA. CON UNA UBICACION ESPECTACULAR, EN UNA DE LAS ZONAS CON MAYOR VALOR COMERCIAL EN LOS BIENES RAICES, EN LA COLONIA GUADALUPE VICTORIA. OAXACA DE JUAREZ OAXACA, CUENTA EN SUS ALREDEDORES CON PLAZAS COMERCIALES DE 1RA CATEGORIA, ESCUELAS EN TODOS LOS NIVELES EDUCATIVOS, CENTROS DE RECREACION FAMILIAR, PARQUES Y AREAS NATURALES PARA LOS NI√ëOS, HOSPITALES Y CENTROS MEDICOS. ADEMAS ACCESO A LA CASA POR LAS PRINCIPALES AVENIDAS DE LA CIUDAD Y LO MAS IMPORTANTE POR SU CERCANIA CON EL CENTRO DE LA CIUDAD REPRESENTA UNA EXCELENTE INVERSION. EL INMUEBLE CUENTA CON 4 RECAMARAS, COCINA, SALA, COMEDOR, ESTUDIO, 3 BA√ëOS Y ESTACIONAMIENTO PARA 2 CARROS, ADEMAS ESPACIO PARA SUS MASCOTAS. ES UNA INVERSION SEGURA Y GARANTIZADA BAJO CONTRATO. NOTA: NO SE ACEPTAN CREDITOS. PARA MAYOR INFORMACION COMUNIQUESE CON SU ASESOR INMOBILIARIO.",15 may 2023 - Publicado por Kioto-Pedro Chavez,68277.0,3.0
"VENTA DE CASA OAXACA,Nuroa",Nuroa,Casa,san felipe del agua,890000.0,3.0,3.0,225.0,300.0,"MAGNIFICA OPORTUNIDAD PARA ADQUIRIR ESTA HERMOSA CASA Y HACER CRECER TU PATRIMONIO FAMILIAR. UBICADA EN UNA ZONA DE ALTA PLUSVALIA CON ACCESO TOTAL POR AVENIDAS PRINCIPALES (CARRETERA CRISTOBAL COLON Y CALZ. SAN FELIPE DEL AGUA) ADEMAS, ESTA A SOLO 5 MINUTOS DE CENTRO DE SALUD, 13 MINUTOS DE PLAZA MAZARI Y 40 MINUTOS DE ESTADIO EDUARDO VASCONCELOS. RODEADA DE TODO LO QUE NECESITAS: RESTAURANTES, BANCOS, FARMACIAS, CENTRO COMERCIALES, PARQUES, MERCADOS, SUPER MERCADOS, HOSPITALES Y CAFETERIAS. LA CASA CUENTA CON 3 AMPLIAS RECAMARAS, 2 BA√ëOS COMPLETOS, 1 BA√ëO PARA VISITAS Y COCHERAS PARA ESTACIONAR 2 AUTOS. NO PIERDAS LA OPORTUNIDAD DE GARANTIZAR LA COMODIDAD Y TRANQUILIDAD DE LA FAMILIA.",21 jun 2023 - Publicado por Kioto-franco Saldivar,68026.0,2.0
"VENTA DE CASA EN COL. BARRIO DE JATLACO. OAXACA. OAX. (NO CR√âDITO),Nuroa",Nuroa,Casa,barrio jalatlaco,695000.0,3.0,2.0,240.0,189.0,"EXCELENTE OPORTUNIDAD DE ADQUIRIR UNA PROPIEDAD CON TODAS LAS COMODIDADES QUE NECESITAS. LA CASA CUENTA CON 3 AMPLIAS RECAMARAS, 3 ¬Ω BA√ëOS, 2 LUGARES DE ESTACIONAMIENTO, SALA COMEDOR Y CUARTO DE SERVICIO. SE UBICA EN UNA ZONA ESTRAT√âGICA DE LA CIUDAD, CERCA DE BODEGA AURRERA, PARQUES, COLEGIO, COPPEL, ELEKTRA Y RESTAURANTES. NO SE ACEPTAN CR√âDITOS. ¬°NO TE PIERDAS ESTA GRAN OPORTUNIDAD!",31 may 2023 - Publicado por Kioto-Juan Jose,68080.0,1.0
"VENTA DE CASA OAXACA LA NORIA DEJUAREZ,Nuroa",Nuroa,Casa,barrio la noria,790000.0,3.0,2.0,130.0,205.0,"GRAN OPORTUNIDAD DE INVERSION BONITA CASA A UN MUY ATRACTIVO COSTO Y CON EXCELENTE PLUSVALIA CASA, LA DISTRIBUCION ES SALA, COMEDOR, COCINA, CUARTO DE LAVADO, 3 RECAMARAS, 2.5 BA√ëO, 1 LUGAR DE ESTACIONAMIENTO.EXCELENTES VIAS DE ACCESO PERIFERICO, EDUARDO MATA, HOTELES, CENTROS COMERCIALES.ARQ.ANDRES FREIXAS TEL:",4 jun 2023 - Publicado por Kioto-Andres Freixas,68083.0,1.0
"VENTA DE CASA EN OAXACA MACEDONIO ALCALA,Nuroa",Nuroa,Casa,ejido guadalupe victoria,510000.0,4.0,3.0,387.0,221.0,"CASA CON PRECIO MUY POR DE BAJO DE SU VALOR COMERCIAL, UBICADA EN UNA ZONA EXCLUSIVA DEL ESTADO DE OAXACA, ACCESO POR AVENIDAS PRINCIPALES, RODEADA DE ESCUELAS, TIENDAS, UNA ZONA MUY TRANQUILA PARA VIVIR, SU DISTRIBUCION ES DE : 4 AMPLIAS RECAMARAS, ESTUDIO, SALA ,COCINA, 3.5 BA√ëOS, AMPLIO ESPACIO PARA TENER A TUS MASCOTAS, 2 LUGARES DE ESTACIONAMIENTO, INVERSION TOTALMENTE SEGURA, ENTREGA GARANTIZADA BAJO CONTRATO. ‚ÄúNO SE ACEPTAN CREDITOS‚Äù  INFORMES CON:OSCAR MEDELL√çN",6 jun 2023 - Publicado por Kioto-OSCAR MEDELLIN,68277.0,1.0
"VENTA DE CASA EN OAXACA,Nuroa",Nuroa,Casa,america sur,715000.0,3.0,3.0,415.0,264.0,"UNICA OPORTUNIDAD DE ADQUIRIR BONITA CASA CON EXCELENTE UBICACI√ìN DENTRO DE COLONIA AMERICA SUR, CUENTA CON VIAS PRINCIALES, UBICADO CERCA DE PARQUES, PLAZAS COMERCIALES, ESCUELAS, BANCOS Y FARMACIAS. EL INMUEBLE CUENTA CON UNA ESTANCIA COMODA, COCINA INTEGRAL, 3 RECAMARAS, 3.5 BA√ëOS,2 LUGARES DE ESTACIONAMIENTO Y ESTUDIO.""""""NO SE ACEPTAN CREDITOS""""""MAYOR INFORMACI√ìN CON MONTSERRAT CELIS :",10 jun 2023 - Publicado por Kioto-Montserrat Celis,68104.0,1.0
"VENTA DE CASA, OAXACA,Nuroa",Nuroa,Casa,fraccionamiento trinidad de las huertas,910000.0,4.0,3.0,360.0,200.0,"MARAVILLOSA ZONA CON ALTA PLUSVALIA, CUENTA CON, SALA, COMEDOR AMPLIOS, COCINA INTEGRAL, 4 RECAMARAS, 3.5 BA√ëOS, 3 LUGARES DE ESTACIONAMIENTO, PATIO, CUARTO DE LAVADO,  ESTUDIO, CUARTO DE TV. ES UNA PROPIEDAD IDEAL PARA VIVIR, E INCREMENTAR TU PATRIMONIO, ¬°¬°ES TU OPORTUNIDAD PARA CONVERTIRLO EN EL HOGAR DE TUS SUE√ëOS!! LA ZONA ES MUY TRANQUILA, ES UNA UBICACI√ìN ENVIDIABLE, TIENE TODOS LOS SERVICIOS A TU ALCANCE, ESCUELAS, PARQUES, COMERCIOS, SUPERMERCADOS. CON ACCESO POR PRINCIPALES V√çAS DE COMUNICACI√ìN, A POCOS MINUTOS DE LAS AVENIDAS PRINCIPALES DE LA ZONA.",13 jun 2023 - Publicado por Kioto-franco Saldivar,68120.0,1.0
"VENTA DE CASA EN OAXACA,Nuroa",Nuroa,Casa,barrio jalatlaco,695000.0,3.0,2.0,240.0,189.0,"EXCELENTE OPORTUNIDAD DE ADQUIRIR HERMOSACASA A UN ATRACTIVO COSTO Y CON EXCELENTE PLUSVAL√çA.LA MEJOR INVERSI√ìN EN BIENES RA√çCES LA DISTRIBUCI√ìN ES: SALA, COMEDOR, COCINA,3 RECAMARAS AMPLIAS,2.5 BA√ëOS,2 LUGARES DE ESTACIONAMIENTO, CUARTO DE LAVADO.EXCELENTE UBICACI√ìNCERCA DE: CENTROS COMERCIALES, UNIVERSIDADES, ESCUELAS, HOSPITALES, CLINICAS, CAFETERIAS, TIENDAS DE AUTO SERVICIO, BANCOS Y PARQUES",11 jul 2023 - Publicado por Kioto-Abraham Corpus,68080.0,1.0
"Venta de Casa en Oaxaca, Agencia de Policia Guadalupe Victoria Sector 6, Oaxaca de Ju√°rez, Oaxaca, M√©xico,Nuroa",Nuroa,Casa,ejido guadalupe victoria,510000.0,4.0,3.0,387.0,221.0,"TE OFRECEMOS UNA PROPIEDAD UBICADA EN UNA ZONA CONFORT DEL ESTADO DE OAXACA A UN PRECIO EXCEPCIONALMENTE ACCESIBLE. ESTA CASA TIENE ACCESO POR AVENIDAS PRINCIPALES Y EST√Å RODEADA DE ESCUELAS Y TIENDAS, LO QUE LA CONVIERTE EN UNA ZONA MUY TRANQUILA PARA VIVIR.CON 4 AMPLIAS REC√ÅMARAS, UN ESTUDIO, UNA SALA Y COCINA, 3.5 BA√ëOS, ¬°Y UN AMPLIO ESPACIO PARA TUS MASCOTAS!, ESTA CASA ES EL LUGAR PERFECTO PARA VIVIR. ADEM√ÅS, CUENTA CON 2 LUGARES DE ESTACIONAMIENTO Y ES UNA INVERSI√ìN TOTALMENTE SEGURA, CON ENTREGA GARANTIZADA BAJO CONTRATO. ¬°NO ESPERES M√ÅS Y ADQUIERE ESTA PROPIEDAD HOY MISMO!",13 jul 2023 - Publicado por Kioto-ANDRES MONTES,68277.0,1.0
"VENTA DE CASA EN OAXACA COL AMERICA SUR OAXACA DE JUAREZ,Nuroa",Nuroa,Casa,america sur,715000.0,3.0,3.0,415.0,216.0,"UNICA OPORTUNIDAD DE ADQUIRIR BONITA CASA CON EXCELENTE UBICACI√ìN DENTRO DE COLONIA AMERICA SUR, CUENTA CON VIAS PRINCIALES, UBICADO CERCA DE PARQUES, PLAZAS COMERCIALES, ESCUELAS, BANCOS Y FARMACIAS. EL INMUEBLE CUENTA CON UNA ESTANCIA COMODA, COCINA INTEGRAL, 3 RECAMARAS, 3.5 BA√ëOS,2 LUGARES DE ESTACIONAMIENTO Y ESTUDIO",24 jun 2023 - Publicado por Kioto-Raquel Aguilar,68104.0,1.0
"CASA EN VENTA EN MACEDONIO ALCALA COL AGENCIA DE POLICIA GUADALUPE VICTORIA OAXACA DE JUAREZ,Nuroa",Nuroa,Casa,ejido guadalupe victoria,510000.0,4.0,3.0,387.0,221.0,"ESTA ES LA OPORTUNIDAD PARA REALIDAD TU SUE√ëO DE TENER UNA CASA PROPIA, INVIERTE EN UNA PROPIEDAD A UN EXCELENTE PRECIO, UBICADA EN UNA ZONA EXCLUSIVA DEL ESTADO DE OAXACA, ACCESO POR AVENIDAS PRINCIPALES, RODEADA DE ESCUELAS, TIENDAS, UNA ZONA MUY TRANQUILA PARA VIVIR, SU DISTRIBUCION ES DE : 4 AMPLIAS RECAMARAS, ESTUDIO, SALA ,COCINA, 3.5 BA√ëOS, AMPLIO ESPACIO PARA TENER A TUS MASCOTAS, 2 LUGARES DE ESTACIONAMIENTO, INVERSION TOTALMENTE SEGURA,",22 jul 2023 - Publicado por Kioto-Alejandro Pe√±a,68277.0,1.0
"VENTA DE CASA EN OAXACA,Nuroa",Nuroa,Casa,barrio la noria,790000.0,3.0,2.0,250.0,113.0,"MAGNIFICA OPORTUNIDAD DE ADQUIRIR BONITA CASA CON EXCELENTE PLUSVALIA. LA DISTRIBUCION ES SALA, COMEDOR, COCINA, CUARTO DE LAVADO, 3 RECAMARAS, 2.5 BA√ëOS, 1 LUGAR DE ESTACIONAMIENTO Y AMPLIO JARDIN PRIVADO. EXCELENTES VIAS DE ACCESO PERIFERICO, EDUARDO MATA, HOTELES, CENTROS COMERCIALES, CERCANA A SUPERMERCADOS, ZONA DE BANCOS, PARQUES, ESCUELAS, FARMACIAS, TIENDAS, ETC.",28 jul 2023 - Publicado por Kioto-Montserrat Celis,68083.0,1.0
"VENTA DE CASA EN OAXACA COL GUADALUPE VICTORIA,Nuroa",Nuroa,Casa,ejido guadalupe victoria,510000.0,4.0,3.0,387.0,221.0,"OPORTUNIDAD PARA HACER REALIDAD TU SUE√ëO DE TENER UNA CASA PROPIA, INVIERTE EN UNA PROPIEDAD A UN EXCELENTE PRECIO, UBICADA EN UNA ZONA EXCLUSIVA DEL ESTADO DE OAXACA.ACCESO POR AVENIDAS PRINCIPALES, RODEADA DE ESCUELAS, TIENDAS, UNA ZONA MUY TRANQUILA PARA VIVIR, SU DISTRIBUCION ES DE : 4 AMPLIAS RECAMARAS, ESTUDIO, SALA ,COCINA, 3.5 BA√ëOS, AMPLIO ESPACIO PARA TENER A TUS MASCOTAS, 2 LUGARES DE ESTACIONAMIENTO.ASESOR INMOBILIARIO LIC. ALEXA HELLERTEL.",12 jul 2023 - Publicado por Kioto-Alexa Heller,68277.0,1.0
"VENTA DE CASA EN COL. GUADALUPE VICTORIA OAXACA OAX,Nuroa",Nuroa,Casa,fraccionamiento san carlos,510000.0,4.0,3.0,387.0,221.0,"HERMOSA CASA, UBICADA EN UNA ZONA EXCLUSIVA DEL ESTADO DE OAXACA, ACCESO POR AVENIDAS PRINCIPALES, RODEADA DE ESCUELAS, TIENDAS, UNA ZONA MUY TRANQUILA PARA VIVIR, SU DISTRIBUCION ES DE : 4 AMPLIAS RECAMARAS, ESTUDIO, SALA ,COCINA, 3.5 BA√ëOS, AMPLIO ESPACIO PARA TENER A TUS MASCOTAS, 2 LUGARES DE ESTACIONAMIENTO",12 jul 2023 - Publicado por Kioto-Juan Jose,68024.0,1.0
"VENTA DE CASA EN OAXACA DE JUAREZ COL. AMERICA SUR,Nuroa",Nuroa,Casa,america sur,590000.0,3.0,2.0,415.0,264.0,"GRAN OPORTUNIDAD DE ADQUIRIR BONITA CASA DE 415 m2 DE CONSTRUCCI√íN CON EXCELENTE UBICACI√ìN DENTRO DE COLONIA AMERICA SUR. GRAN VISTA Y AMBIENTE RUSTICO. CUENTA CON VIAS PRINCIALES, UBICADO CERCA DE PARQUES, PLAZAS COMERCIALES, ESCUELAS, BANCOS Y FARMACIAS. EL INMUEBLE CUENTA CON UNA ESTANCIA COMODA, COCINA INTEGRAL, 3 RECAMARAS, 3.5 BA√ëOS, 2 LUGARES DE ESTACIONAMIENTO Y ESTUDIO.","Hace 2 semanas, 4 d√≠as - Publicado por Kioto-Andres Freixas",68104.0,1.0
"VENTA DE CASA EN OAXACA, OAXACA, CENTRO, OAXACA, OAX.,Nuroa",Nuroa,Casa,manuel sabino crespo,320000.0,4.0,3.0,380.0,279.0,"GRAN OPORTUNIDAD DE INVERSION CON ESTA GRAN PROPIEDAD, EN EXELENTE COLONIA DEL ESTADO DE OAXACA EMBLEMATICO ESTADO DE LA REPUBLICA, DISTRIBUCION EN DOS PLANTAS CUENTA CON 4 RECAMARAS, 3 BA√ëOS SALA, COMEDOR, EXTENSO JARDIN Y PATIO TRASERO.   ESTACIONAMIENTO PARA 2 AUTOS, EXELENTE UBICACI√ìN Y ZONA TRANQUILA DE GRAN COMODIDAD EN ACCESOS Y AVENIDAS PRINCIPALES A 2 KM DEL CENTRO DE OAXACA ( ZOCALO ) Y A 1 KM DEL AUDITORIO DE LA GUELAGUETZA","Hace 1 semana, 2 d√≠as - Publicado por Kioto-ANDRES MONTES",68045.0,2.0
"VENTA DE CASA EN SANTA ROSA, EDUCACION, OAXACA.,Nuroa",Nuroa,Casa,fraccionamiento los cedros,780000.0,2.0,1.0,95.0,95.0,"HERMOSA PROPIEDAD PARA INVERTIR EN TU PATRIMONIO, EL INMUEBLE CUENTA UNA COMODA ESTANCIA CUENTA CON 2 AMPLIAS RECAMARAS, 1 BA√ëO Y 1 MEDIO BA√ëO, 1 LUGAR PARA ESTACIONAMIENTO  EXCELENTE UBICACI√ìN EN LA MEJOR ZONA RODEADA DE PRINCIPALES VIAS DE ACCESO","Hace 2 semanas, 5 d√≠as - Publicado por Kioto Services",68010.0,1.0
"Remate bancario de casa en Oaxaca,Nuroa",Nuroa,Casa en Fraccionamiento,san felipe del agua,347740.0,3.0,2.0,218.0,170.0,"Oportunidad √∫nica de inversi√≥n en la Hermosa Ciudad de Oaxaca, ubicada dentro de una privada con pocas propiedades y con una superficie de terreno de 170m2 aproximados, esta preciosa casa puede ser tuya a un precio inmejorable muy por debajo del valor comercial del inmueble. La casa cuenta con 3 amplias recamaras, 2 ba√±os, 1 lugar de estacionamiento,√°rea verde al frente, patio trasero de servicio, cocina equipada, amplia estancia sala-comedor, pisos de loseta cer√°mica en todos los interiores y una muy buena iluminaci√≥n natural. Dale el espacio a tu familia que siempre has deseado y multiplica tu patrimonio. La casa se ubica a unos minutos de Oaxaca Centro, Universidad La Salle, tiendas departamentales, Bancos, Restaurantes, zona Tur√≠stica y todo el atractivo que esta ciudad ofrece. No la Dejes Pasar. Agenda una cita y conoce esta atractiva opci√≥n que te ofrecemos , acompa√±amiento jur√≠dico durante todo el proceso. Cont√°ctanos,Pedro Rodr√≠guez Asesor inmobiliario, tambi√©n contesto WhatsApp.","Hace 1 semana, 5 d√≠as - Publicado por Renovaci√≥n Patrimonial Monthein - PEDRO RODRIGUEZ",68026.0,1.0
"VENTA DE CASA EN OAXACA COL AGENCIA DE POLICIA GUADALUPE VICTORIA,Nuroa",Nuroa,Casa,ejido guadalupe victoria,510000.0,4.0,3.0,387.0,221.0,"EXCELENTE OPORTUNIDAD DE ADQUIRIR HERMOSACASA A UN ATRACTIVO COSTO Y CON EXCELENTE PLUSVAL√çA.LA MEJOR INVERSI√ìN EN BIENES RA√çCES LA DISTRIBUCI√ìN ES: SALA, COMEDOR, COCINA4 RECAMARAS AMPLIAS3.5 BA√ëOS2 LUGARES DE ESTACIONAMIENTOCUARTO DE LAVADO. EXCELENTE UBICACI√ìNCERCA DE: CENTROS COMERCIALES, UNIVERSIDADES, ESCUELAS, HOSPITALES, CLINICAS, CAFETERIAS, TIENDAS DE AUTO SERVICIO, BANCOS Y PARQUES","Hace 1 semana, 2 d√≠as - Publicado por Kioto-Keyla  Marquez",68277.0,1.0
"VENTA DE CASA EN COL. AMERICA SUR, OAXACA DE JUAREZ, OAX. (NO CR√âDITO),Nuroa",Nuroa,Casa,america sur,9887478.0,3.0,3.0,415.0,264.0,"¬°Incre√≠ble oportunidad de adquirir una hermosa casa en una de las mejores zonas de Colonia America Sur! La propiedad cuenta con una ubicaci√≥n inmejorable, cerca de v√≠as principales, parques, plazas comerciales, escuelas, bancos y farmacias. La casa tiene una distribuci√≥n c√≥moda, con una hermosa cocina integral, 3 amplias rec√°maras, 3.5 ba√±os, 2 lugares de estacionamiento y un estudio, lo que la hace ideal para familias grandes o aquellas que buscan un espacio adicional para trabajar desde casa. ¬°No pierdas esta oportunidad de hacer realidad el sue√±o de tener tu propia casa hoy mismo! No se aceptan cr√©ditos, ¬°cont√°ctanos para m√°s informaci√≥n y asesor√≠a personalizada!","Hace 1 d√≠a, 10 horas - Publicado por Kioto-Juan Jose",68104.0,1.0
"VENTA DE CASA EN GUADALUPE VICTORIA, OAXACA, OAXACA,Nuroa",Nuroa,Casa,ejido guadalupe victoria segunda seccion,560000.0,3.0,2.0,250.0,300.0,"Hermosa propiedad en venta.La propiedad consta de 3 recamaras, 2 ba√±os y medio, 2 lugares de estacionamiento, sala, comedor y cocina integral.Todas las estancias con acabados modernos y atractivosUbicada en excelente zona, de alta PLUSVALIA, haz crecer tu patrimonio.Excelente oportunidad para invertir.La compra debe ser con recursos propios, NO SE ACEPTAN CREDITOS HIPOTECARIOS.Agenda tu cita virtual o en corporativo.Alexis Iba√±ez","Hace 2 semanas, 3 d√≠as - Publicado por GP SERVICIOS INMOBILIARIOS - ALEXIS IBA√ëEZ",68277.0,1.0
"Venta de Casa en Col. Centro, Oaxaca,Nuroa",Nuroa,Casa,manuel sabino crespo,427700.0,5.0,3.0,270.0,270.0,"Con esta hermosa propiedad tienes una extraordinaria oportunidad de incrementar tu patrimonio; ubicada muy cerca de ICJ Posgrados SC, Museo de Sitio ""Casa Ju√°rez"" y Neurolog√≠a Cl√≠nica y Diagn√≥stica; su ubicaci√≥n le permite acceder a distintos centros comerciales, escuelas, restaurantes y hospitales...La propiedad cuenta con sala, comedor, cocina integral, 5 recamaras, 3 ba√±os y 2 lugares de estacionamiento.LA COMPRA DEBE SER CON RECURSOS PROPIOS.NO SE ACEPTAN CR√âDITOS.Gestionamos todos los tr√°mites legales; desde la firma del contrato, hasta la entrega de la propiedad. No es necesario que el comprador se involucre o invierta tiempo y dinero.","Hace 1 semana, 4 d√≠as - Publicado por GPS DECAFHE - Natalia Aguilar",68045.0,1.0
"VENTA DE CASA EN FRAMBOYANES, OAXACA.,Nuroa",Nuroa,Casa,fraccionamiento trinidad de las huertas,630000.0,3.0,2.0,400.0,335.0,"MAGNIFICA OPORTUNIDAD DE ADQUIRIR BONITA CASA A UN MUY ATRACTIVO COSTO Y CON EXCELENTE PLUSVALIA CASA, LA DISTRIBUCI√ìN ES SALA, COMEDOR, COCINA, CUARTO DE LAVADO, 3 RECAMARAS, 1 BA√ëO, ESTUDIO, 1 LUGAR DE ESTACIONAMIENTO.EXCELENTES VIAS DE ACCESO, ESCUELAS, CENTROS COMERCIALES, BANCOS. ADQUIERE PROPIEDAD CON UN DESCUENTO DEL 50 AL 70% DE SU VALOR COMERCIAL, SU INVERSI√ìN 100% SEGURA, ENTREGA GARANTIZADAMAYOR INFORMES CON LIC. FERNANDO LOZADA 55,70,64,64,24.","Hace 1 semana, 1 d√≠a - Publicado por Peza Constructora e Inmobiliaria S.A de C.V Lic. Fernando Lozada",68120.0,1.0
"CASA DE 5 RECAMARAS EN FRACCIONAMIENTO LOS ALAMOS A 5 MINUTOS DE PLAZA BELLA,Nuroa",Nuroa,Casa en Fraccionamiento,fraccionamiento los alamos,1600000.0,5.0,2.0,135.0,63.0,"Casa ubicada en el Fraccionamiento los √Ålamos Infonavit, Montoya, Oax. a cinco minutos de Plaza Bella, de zonas comerciales, escuelas y bancos.Reci√©n remodelada y pintada, en excelentes condiciones, lista para ser habitada.Tres nivelesPrimer nivel‚Ä¢ Cochera un auto techada‚Ä¢ Sala‚Ä¢ Comedor‚Ä¢ Cocina‚Ä¢ Cisterna 10 mil lSegundo nivel‚Ä¢ Tres recamaras‚Ä¢ Un estudio‚Ä¢ Dos ba√±os completosTercer nivel‚Ä¢ Terraza‚Ä¢ Dos cuartos‚Ä¢ √Årea de lavado63 m2 terreno135 m2 Construcci√≥nPRECIO DE VENTA:$1,600,000.00‚ÄúINMOBILIARIA ZAGAO‚ÄùCalle Boulevard de La Paz 102Colinas de La Soledad, OaxacaMARIA ZARATE OROZCO,GONZALO GALVAN FLORES,",3 may 2023 - Publicado por Inmobiliaria Zagao,68143.0,1.0
"CASA NUEVA EN VENTA 3 RECAMARAS COL.LOMA LINDA,Nuroa",Nuroa,Casa,loma linda,6600000.0,3.0,4.0,280.0,147.0,"Hermosa y amplia casa con espacios acogedores para toda la familia, para estrenar con todas las comodidades y amenidades de buen gusto, con un toque moderno con acabados de primera calidad.Ubicada en la Colonia Loma Linda, con incre√≠ble vista a la ciudad, a escasos minutos a San Felipe, Col Reforma, centro, colegios como La Salle, Sport city, plazas, bancos, supermercados y comercio en general.Caracter√≠sticas:  147 m2 de Terreno  280 m2 de construcci√≥nPLANTA BAJA:  Cochera para dos autos port√≥n el√©ctrico.  Estancia  Comedor  Medio ba√±o de visitas.  Amplia cocina integral  Patio de servicio con √°rea de lavado. (lavadora, calentador de gas, lavadero)  Jard√≠n trasero.PRIMER NIVEL:  Vest√≠bulo o hall  Recamara principal con ba√±o completo y vestidor.  Dos recamaras con closet y ba√±o completo cada una.SEGUNDO NIVEL:  Azotea o/y terraza.  Cuarto de servicio  Ba√±o completo de servicio  Escalera de servicio.  Gas estacionario  Pisos de interceramic.  Griferia ""Helvex""  Sistema de bombeo inteligente (La bomba est√° sumergida en la cisterna).  Ventanas de aluminio.  Puertas y closets con acabados de encino.PRECIO DE VENTA:$6,600,000.00""INMOBILIARIA ZAGAO""Calle Boulevard de La Paz 102Colinas de La Soledad, OaxacaMARIA ZARATE OROZCO  GONZALO GALVAN FLORES",3 may 2023 - Publicado por Inmobiliaria Zagao,68024.0,2.0
"CASA EN VENTA DE 3 RECAMARAS CON ESTUDIO EN LA LOMA,Nuroa",Nuroa,Casa en Fraccionamiento,fraccionamiento la loma ampliacion,6500000.0,3.0,4.0,230.0,240.0,"Casa en venta en Fraccionamiento Privado con vigilancia las 24 horas con estricta vigilancia zona segura y tranquila, cerca de la Colonia Reforma, San Felipe y a escasos minutos al centro y Xochimilco, acceso r√°pido a comercios como escuelas, bancos, plazas, mercados, hospitales, etc.Se encuentra en calle privada.Una de las mejores zonas para vivir, el Fraccionamiento tiene jardines privados.Apta para remodelaci√≥n al gusto del comprador.Superficie de terreno: 240 m2Superficie de construcci√≥n: 230 m2PROPIEDAD PUBLICA CON CAR√ÅCTER DEFINITIVO.PLANTA BAJA:. Cochera para 2 autos, port√≥n el√©ctrico, con jardineras.. Sala.. Comedor.. Cocina integral con estufa.. Un medio ba√±o de visitas. (se puede convertir en ba√±o completo). Alacena.. Estudio u oficina.. Jard√≠n amplio trasero.. Cuarto de servicio.. Ba√±o completo.. Patio de servicio (Lavadero, instalaci√≥n para lavadora)SEGUNDO NIVEL:. Hall.. Un ba√±o completo.. Tres Recamaras con closets cada una. (La principal con ba√±o completo)AMENIDADES.. Cisterna de 3,500 litros. (se puede ampliar la cisterna).. Gas estacionario.PRECIO DE RENTA: $6,500,000.00Previa cita:""INMOBILIARIA ZAGAO""Calle Boulevard de La Paz 102Colinas de La Soledad, Oaxaca.MARIA ZARATE OROZCO  GONZALO GALVAN FLORES",3 may 2023 - Publicado por Inmobiliaria Zagao,68045.0,2.0
"CASA DE TRES RECAMARAS EN ZONA CENTRO DIVISI√ìN ORIENTE,Nuroa",Nuroa,Casa,barrio ex-marquezado,5600000.0,3.0,2.0,320.0,260.0,"Casa en Zona Centro, sobre Divisi√≥n Oriente, a unas cuadras de la Iglesia de la Soledad, a tres minutos de Chedraui, del mercado de Jard√≠n MaderoDos Plantas.Planta baja:¬∑ Cochera para 4 autos con port√≥n el√©ctrico¬∑ Cisterna de 4000 litros¬∑ Patio amplio¬∑ √°rea de lavado¬∑ Un cuarto de servicio con ba√±o¬∑ Cuarto / bodega.¬∑ Cocina con cocina integral, estufa.¬∑ Hall¬∑ Un ba√±o completo grande¬∑ Sala¬∑ Comedor¬∑ Estudio o recamara.Planta alta:¬∑ Hall¬∑ Tres recamaras con closet grandes¬∑ Un ba√±o completo grande¬∑ Terraza.260 m2 de terreno320 m2 construcci√≥nPRECIO DE VENTA:$5,600,000.00‚ÄúINMOBILIARIA ZAGAO‚ÄùCalle Boulevard de La Paz 102Colinas de La Soledad, OaxacaMARIA ZARATE OROZCO,GONZALO GALVAN FLORES",3 may 2023 - Publicado por Inmobiliaria Zagao,68034.0,4.0
"CASA AMUEBLADA EN VENTA 3 RECAMARAS  Y UN BUNGALOW EN SAN FELIPE,Nuroa",Nuroa,Casa,san felipe del agua,10300000.0,3.0,2.0,200.0,450.0,"Casa en venta en un solo nivel muy acogedora y c√≥moda con un exquisito estilo mexicano, con ladrillo aparente tradicional, con madera, azulejos de talavera en ba√±os, con un amplio y bello jard√≠n, donde se puede disfrutarlo desde un bello p√≥rtico y apreciando los cerros de San Felipe.Ubicada en el bello poblado de San Felipe del agua con buenos accesos a tienditas, supecitos, mercaditos, transporte p√∫blico, la magn√≠fica iglesia de San Felipe, una excelente zona segura y tranquila, ya que se conecta muy cerca a los cerros de San Felipe para hacer caminatas disfrutando del aire libre en bicicleta o con tu mascota.Edificada en una sola planta, consta de:- Recibidor- Sala con chimenea- Comedor- Cocina integral- Un ba√±o completo para visitas.- Tres recamaras amplias con closets cada una.- La recamara principal con vestidor y ba√±o con tina.- Hermoso p√≥rtico con vista al jard√≠n.- Cochera para dos autos.- √Årea de lavado- Cisterna e 16 mil litros- Cuarto de servicio con ba√±o.- Jard√≠nBungalow de dos nivelesPlanta Baja- Recamara con closet- Ba√±o completoPlanta Alta- Sala- Comedor- Cocina integral- Balc√≥nPRECIO DE VENTA:$10,300,000.00 Previa cita""INMOBILIARIA ZAGAO""Calle Boulevard de La Paz 102Colinas de La Soledad, OaxacaMARIA ZARATE OROZCO  GONZALO GALVAN FLORES",3 may 2023 - Publicado por Inmobiliaria Zagao,68026.0,2.0
"CASA EN VENTA 3 RECAMARAS EN SAN FELIPE,Nuroa",Nuroa,Casa,residencial alamos,5900000.0,3.0,3.0,210.0,186.0,"Casa en un conjunto de 5 casas, (es la primera del conjunto) port√≥n el√©ctrico, ubicada en zona exclusiva de San Felipe del Agua, cerca del Parque Colosio, a pocos minutos del Colegio La Salle, Sport City, cerros de San Felipe, ideal para caminar, andar en bicicleta, entorno campirano y residencial. 185.94 m2 de Superficie 209.82 m2 de Construcci√≥n PROPIEDAD CON CAR√ÅCTER DEFINITIVO. Planta Baja: . Medio ba√±o de visitas . Cocina Integral con estufa, campana y tarja doble . Sala- comedor. . Peque√±a bodega. . Jard√≠n trasero con palmeras crecidas. . Patio de servicio y cuarto de servicio con ba√±o completo. Salida del √°rea de servicio hacia la cochera) Segundo nivel: . Tres recamaras, la principal con ba√±o completo y vestidor. . √Årea de estudio o TV. . Un ba√±o completo para las dos recamaras. -Cochera para 2 o 3 autos -Gas estacionario - Cisterna de 10,000 lts - Calentador autom√°tico con encendido electr√≥nico. PRECIO DE VENTA: $5,900,000.00 Previa cita: ""INMOBILIARIA ZAGAO"" Calle Boulevard de La Paz 102 Colinas de La Soledad, Oaxaca. MARIA ZARATE OROZCO   GONZALO GALVAN FLORES",20 jul 2023 - Publicado por Inmobiliaria Zagao,68026.0,2.0
"casa 5 habitaciones 5 1/2 ba√±os 2 cocheras, patio de fiestas, electrificada.,Nuroa",Nuroa,Casa, abasto,4600000.0,5.0,6.0,385.0,200.0,"Preciosa residencia con exelente ubicaci√≥n a 2 cuadras de Liverpool Plaza Bella. Cuenta con dos cocheras ambas con port√≥n el√©ctrico, recibidor, amplia sala y comedor, cocina integral, √°rea de lavado, patio de servicio y patio de fiestas.Cuenta con 5 habitaciones y 5 1/2 ba√±os y terraza.Paneles solares de 13 tubos 300 Lts/ cisterna de 10 mil LTS, est√° totalmente circulada y electrificada y cuenta con alarma.Llame hoy pra una cita",3 may 2023 - Publicado por Condor Bienes Raices,68090.0,1.0
"Casa nueva 5 habitaciones 6 ba√±os terraza para fiestas X Plaza Bella,Nuroa",Nuroa,Casa,lindavista,4600000.0,5.0,6.0,385.0,200.0,"En venta nueva y hermosa residencia a todo lujo a 6 cuadras de Plaza Bella. En realidad es una casa de bajo perfil ya que desde el exterior parecer√≠a una casa normal, no obstante es una residencia; cuenta con 2 cocheras con port√≥n el√©ctrico, bodega, y una de las cocheras puede ser usada como despacho ya que cuenta con un ba√±o completo.Sala y comedor amplios, cocina integral , terraza, asador, hielera, jard√≠n de macetas y √°rea de lavado. Cuenta igualmente enplanta baja con una habitaci√≥n con su ba√±o completo y un medio ba√±o de visitas.En el segundo piso tiene 4 habitaciones y 3 ba√±os, la habitaci√≥n principal con su walking closet y es muy espaciosa. Tiene igualmente una terraza grande en este nivel.Es realmente una joya de dise√±o de espacios. Llmae hoy mismo para una cita:",3 may 2023 - Publicado por Condor Bienes Raices,68030.0,2.0
"Espaciosa residencia de 4 rec√°maras 3 y medio ba√±os, inmenso jard√≠n,Nuroa",Nuroa,Casa,volcanes,7950000.0,4.0,4.0,190.0,736.0,"Esta puede ser la casa de sus sue√±os hechos realidad; s√≥lida construcci√≥n de dos plantas, escalinata en piedra para dar acceso a la entrada principal, recibidor, medio ba√±o de visitas, finos detalles de talavera, chimenea de ladrillo, ventanales de piso a techo, sala de doble altura, comedor con acceso a in gran balc√≥n, cocina integral, estudio y por si fuera poco cuenta con una habitaci√≥n en planta baja con su propio ba√±o. En el primer nivel tenemos la espaciosa rec√°mara principal con su ba√±o completo y closet, adem√°s de una terraza con vista panor√°mica hacia la ciudad y hacia las monta√±os. Cuenta adem√°s con otras dos habitaciones que comparten un ba√±o completo. En el exterior tiene una terraza con vista hermosa, √©sta da a el gran jard√≠n muy bien mantenido y tiene plantas de hornato as√≠ como √°rboles frutales y palmeras. La cochera para dos autos tiene su port√≥n el√©ctrico. La casa se encuentra hacia la parte de atr√°s de la Igleia de San Felipe del Agua en la parte central del municipio. Sin duda una gran oportunidad de adquirir una propiedad con gran plusval√≠a. Llame para concertar una cita.",3 may 2023 - Publicado por Condor Bienes Raices,68020.0,2.0
"SE VENDE CASA EN EL CENTRO HIST√ìRICO DE OAXACA,Nuroa",Nuroa,Casa,barrio ex-marquezado,15000000.0,10.0,10.0,479.0,479.0,"CASONA EN VENTA EN EL CENTRO DE OAXACA, UBICADA ENFRENTE DEL JARD√çN MADERO.Extraordinarios espacio para lograr un ambiente perfecto. La casa se puede usar para cualquier giro comercial o para casa habitaci√≥n, cuenta con departamentos  personalizados y var√≠an en tama√±o y decoraci√≥nConstruida en dos niveles Superficie de terreno: 479.552 M2 Un local muy amplio para cualquier uso  Estacionamiento para cinco autosCuenta con siete departamentos personalizados que actualmente funcionan para Airbnb Cada departamento cuenta con dos habitaciones, sala comedor, cocina, dos Ba√±os, estacionamiento. Cuenta con calentadores solares e instalaciones de gas para cocineras La instalaci√≥n el√©ctrica se divide en dos sectores y se renov√≥ recientemente Desde $15,000,000.00 ( Quince millones de pesos )",29 jul 2023 - Publicado por GABRO,68034.0,5.0
"SE VENDE AMPLIA CASA EN EL FRACC.  LA LOMA, COLONIA LA CASCADA,Nuroa",Nuroa,Casa,estrella,4800000.0,4.0,4.0,284.0,278.0,"CADA ZONA TIENE SU MAGIA!!SE VENDE AMPLIA CASA EN EN EL FRACC. LA LOMA, COLONIA LA CASCADA.Amplia casa en venta en el fraccionamiento la loma linda, la cascada.ubicada en un fraccionamiento c√≥modo y seguro donde puedes llegar f√°cilmente caminando a la col. Reforma, al Barrio de Xochimilco, cuenta con vigilancia las 24 horas del d√≠a.- Primer nivelEstacionamiento para 3 autosUna rec√°mara con ba√±o completoPatio de servicioCisterna de 15.000 mil litrosSistema de seguridad con barda electrificada.Segundo nivelSalaComedorCocina integralSala de televisi√≥n amplia1 rec√°mara con ba√±o completo2 recamaras con ba√±o completoPatio ( las recamaras son muy amplias )Superficie de terreno: 284M2Construcci√≥n: 279 M2 renta por d√≠a: $1,200.00 Citas e informes al95",4 ago 2023 - Publicado por GABRO,68045.0,3.0
"CASA NUEVA  ZONA NORTE DE LA CIUDAD DE OAXACA,Nuroa",Nuroa,Casa,microondas,3950000.0,4.0,3.0,220.0,150.0,"AMPLIA CASA NUEVA  DE 150 M2  ZONA NORTE DE ALTA PLUSVAL√çA,  CON R√ÅPIDOS ACCESOS A COLONIA REFORMA, SAN FELPE DEL AGUA Y CENTRO DE LA CIUDAD, A SOLO 3 KM AL NORTE DEL BARRIO DE XOCHIMILCO CONSTRUCCI√ìN TRADICIONALPLANTA BAJA:*COCHERA PARA 2 AUTOS * PORT√ìN EL√âCTRICO*SALA*1  BA√ëO COMPLETO*  ESTUDIO/RECAMARA *COMEDOR*COCINA EQUIPADA (cocina integral y barra de granito)*CISTERNA CON BOMBAPLANTA ALTA:* RECAMARA PRINCIPAL CON BA√ëO COMPLETO ( vestidor, aire acondicionado)*1 BA√ëO COMPLETO COMPARTIDO*2 RECAMARAS SECUNDARIAS CON CLOSETS AZOTEA:"" PERGOLA*TERRAZA CON ASADOR (vista a las monta√±as)NOTA: Pisos de loseta calidad InterceramicMAYORES INFORMES PREVIA VITACEL:,. EasyBroker ID: EB-MB6762",4 jul 2023 - Publicado por PROISA INMOBILIARIA,68043.0,2.0
"Casa en venta en Col. Antiguo Aeropuerto, Oaxaca.,Nuroa",Nuroa,Casa,reforma,4200000.0,3.0,2.0,250.0,200.0,"En venta casa uubicada en Col. Antiguo Aeropuerto, muy cerca de Chedraui de Col. Reforma. Magn√≠fica ubicaci√≥nen zona tranquila, de f√°cil acceso y de alta plusval√≠a, a 15 minutos del centro de la ciudad, a 100 m de Col. Reforma.Cerca de de la zona comercial,colegios de prestigio, Bancos, supermercados. cl√≠nicas.Construcci√≥n de dos plantas.Planta baja: Estacionamiento, amplia sala, comedor, cocina, ba√±o de visitas, jard√≠n, √°rea de lavado y tendido, cisterna.Segundo nivel: Sala de TV, terraza, 2 rec√°maras una de ellas con vestidor y ba√±o completo, 1 ba√±o completo m√°s, cuarto de servicio con ba√±o completo.Amenidades:Port√≥n y piso de loseta en cochera, cisterna con bomba, √°rea de servicio totalmente cerrada, bardas altas en per√≠metro, patio posterior con piso de loseta.No dejes pasar esta oportunidad de ser el due√±o de esta magn√≠fica casa, haz tu cita hoy mismo, ¬°te va encantar!Nota: El precio no incluye gastos de escrituraci√≥n e impuestos por adquisici√≥n del inmueble.",16 jun 2023 - Publicado por CV ASESORIA INMOBILIARIA,68050.0,1.0
"CASA EN VENTA 5 MINUTOS DE LA CD DE OAXACA,Nuroa",Nuroa,Casa,fraccionamiento las palmas,1900000.0,3.0,1.0,120.0,80.0,"Fracc. Lomas de San Juan, Oaxaca de Ju√°rezCerca del Parque del AmorA 10 minutos del centro de la Ciudad2 Niveles3 Recamaras (una recamara con closet)SalaComedorCocina (cocina integral)Ba√±oPatio de servicioCochera cerrada para un veh√≠culoPropiedad privadaTodos los serviciosTerreno de 80 m2Medidas: 8 x 10120 m2 de construcci√≥n.Precio $ 1, 900,000",27 jun 2023 - Publicado por AGENTES DE BIENES INMUEBLES OAXACA,68157.0,1.0
"AMPLIA CASA EN ZONA NORTE VENTA A 10 MIN DEL CD DE OAXACA,Nuroa",Nuroa,Casa,volcanes,4700000.0,3.0,1.0,203.0,322.0,"AMPLIA CASA EN ZONA NORTE EN VENTAMuy cerca del mercados paz miguelesCasa de un solo nivel  Estacionamiento para 4 autos, patio de servicio, sala, comedor, cocina integral, 1 rec√°mara con ba√±o, 2 rec√°maras y un ba√±o independientepropiedad privada322 mts de superficie203 mts de construcci√≥n",27 jun 2023 - Publicado por AGENTES DE BIENES INMUEBLES OAXACA,68020.0,4.0
"Casa en venta, en san Felipe del agua, con amplio jard√≠n,Nuroa",Nuroa,Casa en Fraccionamiento,volcanes,12250000.0,4.0,3.0,217.0,514.0,"Residencia en venta ubicada en la zona m√°s exclusiva de la ciudad d oaxaca, cuenta con todos los servicios Sala comedor Cocina Cuarto de TV 4 rec√°maras 3 ba√±os completos  Cuarto de servicio √Årea de lavado Terraza con asador Cochera para 3 veh√≠culos Porton el√©ctrico √Årea de jard√≠n Cisterna de 19 mil litros","Hace 2 semanas, 5 d√≠as - Publicado por Inmobiliaria Cemkas",68020.0,3.0
"CASA NUEVA EN VENTA A 10 MIN DEL CENTRO DE LA CD DE OAXACA,Nuroa",Nuroa,Casa, candiani,2650000.0,3.0,2.0,150.0,80.0,"CASA en VENTAAtr√°s de WALMART SIMBOLOS PATRIOS2 nivelesSala ‚Äì Comedor - Cocina 3 Recamaras (recamara principal con ba√±o y vestidor)2 ba√±os completos y un ¬Ω ba√±oCochera cerrada para un veh√≠culoCuarto de lavadoCisterna de 5 mil litros    Roof GardenUbicado a 300 metros de Wal-Mart S√≠mbolos PatriosPropiedad PrivadaTodos los serviciosPago de contando y se acepta INFONAVIT Total, FOVISSSTE y BancariosTerreno de 80 metros cuadradosMedidas: 8 x 10 metros150 m2 de construcci√≥nPrecio $ 2,650,000","Hace 1 semana, 6 d√≠as - Publicado por AGENTES DE BIENES INMUEBLES OAXACA",68130.0,1.0
"HERMOSA CASA EN LA ZONA NORTE DE LA CD DE OAXACA EN VENTA,Nuroa",Nuroa,Casa,ejido guadalupe victoria,8800000.0,3.0,2.0,210.0,354.0,"SE VENDE  CASA EN EJIDO GUADALUPE VICTORIAPROPIEDA PRIVADACaracter√≠sticas:PRIMERA PLANTA:Sala comedor.Cocina integral. Amplia alacena.¬Ω ba√±o. Bar. Bodega. SEGUNDA PLANTA:2 Recamaras cada una con ba√±o (Amplios cl√≥sets, aire acondicionado).Recamara principal (Amplio vestidor, aire acondicionado, ba√±o completo con vapor y terraza con vestidor). ADICIONALES: √Årea social con alberca de 3 x 4 M. Amplia terraza con vista panor√°mica. Cochera para tres autos con √°rea de almacenamiento.Port√≥n el√©ctrico. √Årea de servicio. Cisterna de 20,000 L. Alarma y cerca el√©ctrica. Video portero. CONSTRUCCI√ìN: 354.10 M2TERRENO: 210.88 M2$8,800,000 sin amueblar. $9,000,000 amueblada","Hace 3 d√≠as, 4 horas - Publicado por AGENTES DE BIENES INMUEBLES OAXACA",68277.0,3.0
