title,seller,property_type,address,price,bedrooms,bathrooms,built_area,land_area,description,publication_date
CASA EN OAXACA REMATE BANCARIO!!!!!!,Mitula,Casa,"Calle Jazmines, Reforma, Oaxaca de Ju√°rez, Oaxaca, M√©xico",[791490],[3],[1],[200],[160],"Invierte en esta amplia casa ubicada en Colonia REFORMA OAXACA DE JUAREZ. Esta muy por debajo de su precio comercial ya que pertenece a un REMATE BANCARIO.Inicia tu inversion con $320,000.00 El resto a la firma de Cesion de Derechos ante Notario.NO SE ACEPTA NINGUN TIPO DE CREDITO.Para mayores informes de esta y mas propiedades en TODA LA REPUBLICA MEXICANA.  CONTACTAME.SOMOS TU MEJOR OPCION.","Hace 5 d√≠as, 4 horas - Publicado por CONSULTORES PATRIMONIALES ESPECIALIZADOS 4 - ARACELI CANEDO SANCHEZ"
Se vende casa a tan solo 5 minutos del centro,Mitula,Casa,"Oaxaca, Oaxaca, Lomas de Santa Rosa",[8500000],[9],[7],[349],[256],"INMUEBLE APROPIADO PARA HOTEL BOUTIQUE U OFICINAS, A TAN SOLO CINCO MINUTOS DEL CENTRO HIST√ìRICO DE OAXACA, FRENTE AL ESTACIONAMIENTO GUELAGUETZA, A 3 MINUTOS DEL MERCADO S√ÅNCHEZ PASCUAS Y DE LA UNIVERSIDAD VASCONCELOS, CISTERNA DE 10,000 LTS. LLAME PARA UNA CITA!!! ASESOR INMOBILIARIO LIC. JOS√â MILL√ÅN*Para ver completas las fotograf√≠as de clik sobre ellas para que se muestren a traves de un visor. EasyBroker ID: 79551",19 abr 2023 - Publicado por Hgrie grupo inmobiliario
CASA DE UN NIVEL EN VENTA EN EL CENTRO DE OAXACA,Mitula,Casa,"Oaxaca, Oaxaca, Oaxaca Centro",[7499000],[2],[1],,,"üè°Hermosa Casa de un solo nivel en el Centro de la ciudad de Oaxacaüè°üìçLa casa se encuentra en privada$7,499,000‚úÖCaracter√≠sticas:üîπSala .üîπComedor .üîπCocina equipada  y alacena .üîπ2 recamaras con closet la principal cuenta con Instalaci√≥n para aire acondicionado.üîπ1 ba√±o completo .üîπCloset de blancos .üîπCuarto de servicio .üîπ1/2 ba√±o en el exterior con una peque√±a bodega .üîπCuenta con una bonita fuente en el patio. üîπHermoso corredor que extiende √©l comedor.‚ô¶Ô∏èNo cuenta con cochera ‚ô¶Ô∏èüè°Medidas: 11 x 16","Hace 1 semana, 6 d√≠as - Publicado por Fiabilidad e Inversion en Bienes Ra√≠ces"
CASA EN VENTA CERCA DE PLAZA DEL VALLE CON HABITACION EN PLANTA BAJA,Mitula,Casa,"Oaxaca, Oaxaca, Agencia de Polic√≠a de Candiani",[5299000],[6],[3],,,"üí¢CASA EN VENTA EN UN FRACCIONAMIENTO EXCLUSIVO CERCA DE PLAZA DEL VALLEüí¢$5,299,000 üìåùóñùóîùó•ùóîùóñùóßùóòùó•ùóúùó¶ùóßùóúùóñùóîùó¶:‚ûñùôãùôáùòºùôâùôèùòº ùòΩùòºùôÖùòº‚úÖ Sala‚úÖ Comedor‚úÖ Cocina‚úÖ Ba√±o ‚úÖ 2 habitaciones‚úÖ Patio de Servicio‚úÖ Cochera para 2 autos‚úÖ Cisterna con Bomba‚úÖ Jardin‚úÖ √Årea de lavado‚úÖ port√≥n El√©ctrico‚ûñ PLANTA ALTA‚úÖ Rec√°mara Principal con closet, ba√±o Completo y balc√≥n‚úÖ 2 Habitaciones adicionales con closet‚úÖ Habitaci√≥n con closet y terraza‚úÖ 1 Ba√±o completo compartidoInformaci√≥n complementaria‚úÖ Superficie terreno: 200 m2‚úÖ Fraccionamiento privado‚úÖ Vigilancia las 24 horas‚úÖ Control de acceso al fraccionamiento‚úÖ√Årea recreativa","Hace 1 semana, 6 d√≠as - Publicado por Fiabilidad e Inversion en Bienes Ra√≠ces"
CASA NUEVA EN VENTA ZONA NORTE DE OAXACA,Mitula,Casa,"Manuel Sabino Crespo, Oaxaca de Ju√°rez, Oaxaca, M√©xico",[3950000],[4],[3],[230],[150],"PRECIOSA CASA NUEVA EN VENTA EN LA ZONA NORTE DE OAXACAUBICADA EN LA COLONIA MANUEL SABINO CRESPO PERTENECIENTE AL MUNICIPIO DE OAXACA DE JUAREZ.La casa ofrece en planta baja:  Cochera para dos autos, sala, comedor, cocina con cocina integral al alto brillo, jard√≠n interior, patio de servicio, ba√±o completo, rec√°mara o estudio, escaleras para el primer nivel, rec√°mara principal con closet amplio y ba√±o completo propio, 2 rec√°maras secundarias, un segundo ba√±o completo para el servicio de las rec√°maras secundarias, continuaci√≥n de escaleras para el segundo nivel donde encontraremos el roof garden.La casa se entregar√° con pergola, tinaco de 1100 litros, gas estacionario, cisterna de 6500 litros,port√≥n el√©ctrico de tres hojas y puerta peatonal con chapa electrica.ACEPTAMOS TODOS LOS CREDITOS Y CONTADO.Tramites gratuitos, se muestra previa cita.","Hace 2 semanas, 2 d√≠as - Publicado por Edith Miguel"
"CASA EN EL MIRADOR, LOMA LINDA OAXACA DE JU√ÅREZ, OAX.",Mitula,Casa,"El Mirador, Loma Linda, Oaxaca de Ju√°rez, Oaxaca, M√©xico",[1445787],[3],[2],[168],[216],"INMUEBLE  ¬®ADJUDICADO¬®$$$$$$$$$   N O   ACEPTAMOS  C R √â D I T O S   $$$$$$$$¬° ¬° ¬° PROPIEDADES MUY POR DEBAJO DE SU VALOR COMERCIAL, OPORTUNIDAD UNICA PARA INVERTIR ! ! !‚Ä¢¬øQU√â ES UN REMATE HIPOTECARIO?INMUEBLES QUE SE OFERTAN A UN BAJO COSTO POR SER CATALOGADOS COMO CARTERA VENCIDA. EL BANCO BUSCA RECUPERAR SU INVERSI√ìN Y REMATA LOS INMUEBLES A UN BAJO COSTO.‚Ä¢BENEFICIOS AL ADQUIRIR ESTE TIPO DE PROPIEDAD:-¬°ENTREGA GARANTIZADA BAJO CONTRATO¬°-CESI√ìN DE DERECHOS Y ADJUDICATARIOS EN UN LAPSO NO MAYOR A 30 D√çAS-GARANTIZAMOS LA ENTREGA DEL INMUEBLE, TODO ANTE NOTARIO P√öBLICO.-EVIDENCIA DE CESIONES- LA SEGURIDAD DE UNA EMPRESA SERIA Y CONSTITUIDA QUE CUENTA CON EXPERIENCIA EN LA VENTA DE REMATES HIPOTECARIOS.‚Ä¢ASESOR√çA JUR√çDICA PROFESIONAL.- ABOGADOS CAPACITADOS PARA PODER BRINDARTE LA MEJOR ATENCI√ìN Y SERVICIO EN SU TR√ÅMITE.‚Ä¢CONDICIONES DE COMPRA.-NO SE ACEPTAN CR√âDITOS DE NING√öN TIPO, SOLO PAGO CON RECURSOS PROPIOS.¬° ¬° CONT√ÅCTEME YA Y AGENDA TU CITA ! !",30 may 2023 - Publicado por Hunave Certeza Inmobiliaria 2.0 - El√≠zabeth P√©rez
VENTA DE CASA EN OAXACA DE JUAREZ COL. AMERICA SUR,Mitula,Casa,"Argentina 311, America Sur, Oaxaca de Ju√°rez, Oaxaca, M√©xico",[590000],[3],[2],[415],[264],"GRAN OPORTUNIDAD DE ADQUIRIR BONITA CASA DE 415 m2 DE CONSTRUCCI√íN CON EXCELENTE UBICACI√ìN DENTRO DE COLONIA AMERICA SUR. GRAN VISTA Y AMBIENTE RUSTICO. CUENTA CON VIAS PRINCIALES, UBICADO CERCA DE PARQUES, PLAZAS COMERCIALES, ESCUELAS, BANCOS Y FARMACIAS. EL INMUEBLE CUENTA CON UNA ESTANCIA COMODA, COCINA INTEGRAL, 3 RECAMARAS, 3.5 BA√ëOS, 2 LUGARES DE ESTACIONAMIENTO Y ESTUDIO.",27 jul 2023 - Publicado por Kioto-Andres Freixas
OPORTUNIDAD DE TERRENO EN EL CENTRO DE OAXACA,Mitula,Terreno,"Oaxaca, Oaxaca, Oaxaca Centro",[3800000],,,,[519],"Aprovecha esta gran oportunidad de comprar terreno en el centro de la ciudad de oaxaca a unas cuantas cuadras del zocalo de la ciudad.   Es una extensi√≥n de terreno con construcci√≥n antigua, es ideal para invertir para un negocio o como casa habitaci√≥n .   La propiedad es de car√°cter definitivo libre de gravamen.   Agenda una visita para conocerlo.",4 may 2023 - Publicado por Kasadi Inmobiliaria
LA CASA DE TUS SUE√ëOS EN OAXACA,Mitula,Casa,"Blvrd la Paz, San FELIPE, Colinas de la Soledad, 68024 Oaxaca de Ju√°rez, Oaxaca, M√©xico",[1210000],[3],[2],[340],[300],"HERMOSA CASA EN UNA DE LAS MEJORES ZONAS, RODEADA DE TODOS LOS SERVICIOS",28 jun 2023 - Publicado por Ejecutivos hipotecarios - ISRA DOMINGUEZ
Casa en Venta de un Nivel 2 Recamaras en San Felipe,Mitula,Casa,"Piedra de Sal, Agencia Municipal de San Felipe del Agua, Oaxaca de Ju√°rez, Oaxaca, M√©xico",[7200000],[2],[1],[150],[938],"Casa habitaci√≥n rustica campirana en un solo nivel de ladrillo rojo con techos altos de teja de dos aguas, vigas de madera, muy acogedora, fresca, iluminada, rodeada de bellos √°rboles frutales, ubicada en San Felipe, colinda con el parque Colosio, √°rea segura, tranquila, con bell√≠sima vista al poniente, se respira aire puro, a pocos minutos del sport city, Colonia Reforma y centro.Zona habitacional media-alta.Acceso r√°pido a medios de transporte, mercaditos, comercios varios, cerros y senderos para salir a caminar y andar en bicicleta.Propiedad privada.Servicios disponibles: Electricidad, Alumbrado p√∫blico, l√≠nea telef√≥nica e internet.Superficie de terreno: 938.24 m2Superficie construida: 150m2.. Cisterna de 20 mil litros con bomba autom√°tica.. Tanque de gas estacionario.. Barda de tabique.. P√≥rtico. Sala y comedor.. Cocina integral con barra desayunador. Dos recamaras (una con tapanco).. Un ba√±o completo.. Fosa s√©ptica.Precio de Venta $ 7,200,000.00Previa cita:‚ÄúINMOBILIARIA ZAGAO‚ÄùCalle Boulevard de La Paz 102Colinas de La Soledad, Oaxaca.",19 jul 2023 - Publicado por Inmobiliaria Zagao
CASA EN VENTA 5 MINUTOS DE LA CD DE OAXACA,Mitula,Casa,"Avenida de la Paz 101, Fraccionamiento Las Palmas, Oaxaca, 68153, MEX",[1900000],[3],[1],[120],[80],"Fracc. Lomas de San Juan, Oaxaca de Ju√°rezCerca del Parque del AmorA 10 minutos del centro de la Ciudad2 Niveles3 Recamaras (una recamara con closet)SalaComedorCocina (cocina integral)Ba√±oPatio de servicioCochera cerrada para un veh√≠culoPropiedad privadaTodos los serviciosTerreno de 80 m2Medidas: 8 x 10120 m2 de construcci√≥n.Precio $ 1, 900,000",21 abr 2023 - Publicado por AGENTES DE BIENES INMUEBLES OAXACA
SE VENDE CASA CON 1 REC√ÅMARA EN PLANTA BAJA EN EL FRACCIONAMIENTO LOMAS DE SIERRA JU√ÅREZ,Mitula,Casa,"Oaxaca, San Andr√©s Huay√°pam, 3 de Marzo",[4500000],[4],[2],[200],,"üè°SE VENDE CASA CON 1 REC√ÅMARA EN PLANTA BAJA EN EL FRACCIONAMIENTO LOMAS DE SIERRA JU√ÅREZüè°‚ñ™Ô∏èTERRENO: 200 m2‚ñ™Ô∏èCONSTRUCCI√ìN: 180 m2$ 4,500,000üî∏Caracter√≠sticasPlanta Baja:üîπEstacionamiento para 3 autos con port√≥n el√©ctrico üîπAmplia Sala y ComedorüîπCocina Integral Equipada (gas estacionario)üîπMedio Ba√±oüîπ1 Rec√°mara üîπCisterna de 10,000 Lt.üîπPatio trasero con fuente de Cantera üîπArea de LavadoPlanta Alta:üîπSala de TV con balc√≥nüîπRecamara principal con ba√±o y closetüîπ2 Amplias recamaras con closetüîπBa√±oüîπCuarto de servicio con ba√±o en azotea",27 jul 2023 - Publicado por Bienes Ra√≠ces Oaxaca
SE VENDE INMUEBLE  IDEAL PARA NEGOCIO Y VIVIENDA,Mitula,Casa,"Oaxaca, Oaxaca, Montoya",[2350000],[6],[2],[220],[139],"Una Gran oportunidad para invertir y ubicar tu propio negocio, esta propiedad est√°  a 3 cuadras de PLAZA BELLA en el Fraccionamiento Montoya.Enfrente hay un parque y alrededor varios negocios de diferentes giros comerciales.PLANTA BAJA:CocinaSalaComedor2 RecamarasLocal comercial Cochera para un veh√≠culo Ba√±o completoPatio de servicioCisterna 7500 Lts.Pasillo lateral de servicioPLANTA ALTA:4 recamaras Un ba√±o completo 1/2 Ba√±o Entrada independiente Corredor amplioCalentador solar en azotea Adquiere el hogar que est√°s buscando, agenda tu visita al,. EasyBroker ID: EB-NV6065",8 jul 2023 - Publicado por Hgrie grupo inmobiliario
APRA **OPORTUNIDAD DE CASA EN EXCLUSIVO FRACCIONAMIENTO EN REMATE**,Mitula,Casa,"Loma Verde 145, La Loma Ampliacion, Oaxaca de Ju√°rez, Oaxaca, M√©xico",[1715478],[2],[1],[65],[140],"APRA Casa de RECUPERACI√ìN BANCARIA, gran oportunidad para que inviertas en LA LOMA AMPLIACION.Somos uno de los despachos con m√°s experiencia del pa√≠s y te acompa√±aremos en todo el proceso.Ten en cuenta que este tipo de oportunidades tiene ciertas condiciones:‚Ä¢ El pago es solamente de contado, NO CR√âDITOS porque son oportunidades que surgen de cr√©ditos previamente otorgados y no cubiertos.‚Ä¢ Los inmuebles tienen un tiempo de entrega de 10 a 14 meses porque son propiedades que el banco recupera a trav√©s de un litigio.‚Ä¢ La vivienda s√≥lo se puede ver por fuera debido al proceso legal.¬øTe interesa?Ll√°manos, TENEMOS M√ÅS DE 20 A√ëOS DE EXPERIENCIA,o escr√≠benos al correo:,PRECIOS Y DISPONIBILIDAD SUJETOS A CAMBIOS SIN PREVIO AVISO. *LOS DETALLES DEL INMUEBLE SON APROXIMADOS.",4 jul 2023 - Publicado por ARSIM - ARSIM MX
VENTA DE CASA EN COL. BARRIO DE JATLACO. OAXACA. OAX. (NO CR√âDITO),Mitula,Casa,"Pajaritos, Barrio de Jalatlaco, Oaxaca de Ju√°rez, Oaxaca, M√©xico",[695000],[3],[2],[240],[189],"EXCELENTE OPORTUNIDAD DE ADQUIRIR UNA PROPIEDAD CON TODAS LAS COMODIDADES QUE NECESITAS. LA CASA CUENTA CON 3 AMPLIAS RECAMARAS, 3 ¬Ω BA√ëOS, 2 LUGARES DE ESTACIONAMIENTO, SALA COMEDOR Y CUARTO DE SERVICIO. SE UBICA EN UNA ZONA ESTRAT√âGICA DE LA CIUDAD, CERCA DE BODEGA AURRERA, PARQUES, COLEGIO, COPPEL, ELEKTRA Y RESTAURANTES. NO SE ACEPTAN CR√âDITOS. ¬°NO TE PIERDAS ESTA GRAN OPORTUNIDAD!",14 may 2023 - Publicado por Kioto-Juan Jose
OPORTUNIDAD REMATO CASA EN GUADALUPE VICTORIA OAXACA DE JUAREZ SOLO RECURSOS PROPOIS CONTADO,Mitula,Casa,"Adolfo L√≥pez Mateos, Guadalupe Victoria, Oaxaca de Ju√°rez, Oaxaca, M√©xico",[2285821],,,,,"Recuperaci√≥n HipotecariaOportunidad de Inversi√≥nCasa en Adolfo L√≥pez Mateos, Guadalupe Victoria, Oaxaca de Ju√°rez, Oaxaca, M√©xicoEs momento de invertir en tu patrimonio adquiere una propiedad por medio de RECUPERACI√ìN HIPOTECARIAEntrega garantizada, asesor√≠a profesional de principio a fin.Los remates bancarios son propiedades que los bancos recuperan de deudores que no pagaron su cr√©dito hipotecario.Invertir en Remates Bancarios es un negocio sin riesgos ya que la Cesi√≥n se paga directamente al bancoLos inmuebles no se pueden ver en su interior ya que siguen habitados por los deudores y tampoco se pueden adquirir mediante cr√©ditos hipotecarios, √∫nicamente CON RECURSOS PROPIOS. El tiempo de entrega depende del avance jur√≠dicoSe pueden comprar inmuebles hasta en la cuarta parte de su valor comercial, por eso se llaman remates bancarios.Si realmente quieres hacer dinero, compra Cesiones de Derechos.Para mayores informes, contacta me y agenda tu cita en nuestras oficinasAlejandra NavaAsesor Comercial,BOK78271","Hace 2 d√≠as, 23 horas - Publicado por INVERSIONES INMOBILIARIAS 1"
VENTA DE CASA EN COL. BARRIO DE JATLACO. OAXACA. OAX. (NO CR√âDITO),Mitula,Casa,"Pajaritos, Barrio de Jalatlaco, Oaxaca de Ju√°rez, Oaxaca, M√©xico",[695000],[3],[2],[240],[189],"EXCELENTE OPORTUNIDAD DE ADQUIRIR UNA PROPIEDAD CON TODAS LAS COMODIDADES QUE NECESITAS. LA CASA CUENTA CON 3 AMPLIAS RECAMARAS, 3 ¬Ω BA√ëOS, 2 LUGARES DE ESTACIONAMIENTO, SALA COMEDOR Y CUARTO DE SERVICIO. SE UBICA EN UNA ZONA ESTRAT√âGICA DE LA CIUDAD, CERCA DE BODEGA AURRERA, PARQUES, COLEGIO, COPPEL, ELEKTRA Y RESTAURANTES. NO SE ACEPTAN CR√âDITOS. ¬°NO TE PIERDAS ESTA GRAN OPORTUNIDAD!",14 may 2023 - Publicado por Kioto-Juan Jose
VENTA DE CASA EN COL. GUADALUPE VICTORIA OAXACA OAX,Mitula,Casa,"Guadalupe Victoria, Agencia de Policia Guadalupe Victoria Sector 2, Oaxaca de Ju√°rez, Oaxaca, M√©xico",[510000],[4],[3],[387],[221],"HERMOSA CASA, UBICADA EN UNA ZONA EXCLUSIVA DEL ESTADO DE OAXACA, ACCESO POR AVENIDAS PRINCIPALES, RODEADA DE ESCUELAS, TIENDAS, UNA ZONA MUY TRANQUILA PARA VIVIR, SU DISTRIBUCION ES DE : 4 AMPLIAS RECAMARAS, ESTUDIO, SALA ,COCINA, 3.5 BA√ëOS, AMPLIO ESPACIO PARA TENER A TUS MASCOTAS, 2 LUGARES DE ESTACIONAMIENTO",11 jul 2023 - Publicado por Kioto-Juan Jose
"VENTA DE CASA EN COL. AMERICA SUR, OAXACA DE JUAREZ, OAX. (NO CR√âDITO)",Mitula,Casa,"Argentina, America Sur, Oaxaca de Ju√°rez, Oaxaca, M√©xico",[9887478],[3],[3],[415],[264],"¬°Incre√≠ble oportunidad de adquirir una hermosa casa en una de las mejores zonas de Colonia America Sur! La propiedad cuenta con una ubicaci√≥n inmejorable, cerca de v√≠as principales, parques, plazas comerciales, escuelas, bancos y farmacias. La casa tiene una distribuci√≥n c√≥moda, con una hermosa cocina integral, 3 amplias rec√°maras, 3.5 ba√±os, 2 lugares de estacionamiento y un estudio, lo que la hace ideal para familias grandes o aquellas que buscan un espacio adicional para trabajar desde casa. ¬°No pierdas esta oportunidad de hacer realidad el sue√±o de tener tu propia casa hoy mismo! No se aceptan cr√©ditos, ¬°cont√°ctanos para m√°s informaci√≥n y asesor√≠a personalizada!",14 may 2023 - Publicado por Kioto-Juan Jose
"C. de Manuel Sabino Crespo 710, Centro",Mitula,Casa,"C. de Manuel Sabino Crespo 710, Centro, 68070 Oaxaca de Ju√°rez, Oax., M√©xico",[320000],[4],[3],[300],[279],"GR√ÅN OPORTUNIDAD TANTO DE INVERSI√ìN COMO PARA ASEGURAR UN PATRIMONIO, ESTAPROPIEDAD UBICADA EN UNA EXELENTE COLONIA DEL ESTADO DE OAXACA, EMBLEMATICOESTADO DE LA REPUBLICA, CUENTA CON UNA DISTRIBUCI√ìN EN DOS PLANTAS, SALA, COMEDOR,EXTENSO JARDIN Y PATIO TRASERO, EXCELENTE UBICACI√ìN, ZONA TRANQUILA DE GRANCOMODIDAD EN ACCESOS, AVENIDAS PRINCIPALES A 2 KM DEL CENTRO DE OAXACA ( ZOCALO ) YA 1 KM DEL AUDITORIO DE LA GUELAGUETZA¬°¬° SOMOS ESPECIALISTAS EN RECUPERACI√ìN DE PROPIEDADES !!CUENTA CON: 4 AMPLIAS RECAMARAS                          3 BA√ëOS COMPLETOS                          2 LUGARES DE ESTACIONAMIENTO                          300 M2 DE CONSTRUCCI√ìN                          279 M2 DE TERRENOADQUIERELA POR TAN SOLO $320,000.00 MXN¬°¬° SOMOS ESPECIALISTAS EN RECUPERACI√ìN DE PROPIEDADES !!CONTACTO: LIC. ALEJANDRO GIM√âNEZTEL:","Hace 5 d√≠as, 1 hora - Publicado por Kioto - Alejandro Gimenez"
"VENTA DE CASA EN OAXACA, VILLA DE MONTE ALBAN, OAXACA, OAXACA",Mitula,Casa,"Oaxaca, Oaxaca, Fraccionamiento Villas Montealb√°n",[568000],[2],[1],[94],[60],"EXCELENTE OPORTUNIDAD DE ADQUIRIR HERMOSACASA LA DISTRIBUCI√ìN ES: SALA, COMEDOR, COCINA, 2 RECAMARAS AMPLIAS,1 BA√ëO, CUARTO DE LAVADO. EXCELENTE UBICACI√ìNCERCA DE: CENTROS COMERCIALES, UNIVERSIDADES, ESCUELAS, HOSPITALES, CLINICAS, CAFETERIAS, TIENDAS DE AUTO SERVICIO, BANCOS Y PARQUES",5 jul 2023 - Publicado por Kioto-ANDRES MONTES
"VENTA DE CASA EN OAXACA, COL. AMERICA SUR, OAXACA, OAXACA.",Mitula,Casa,"Oaxaca, Oaxaca, Am√©rica Sur",[715000],[3],[3],[415],[264],"¬°OPORTUNIDAD DE ADQUIRIR BONITA CASA! EL INMUEBLE CUENTA CON UNA ESTANCIA COMODA, COCINA INTEGRAL, 3 RECAMARAS, 3.5 BA√ëOS,2 LUGARES DE ESTACIONAMIENTO Y ESTUDIO.EXCELENTE UBICACI√ìN DENTRO DE COLONIA AMERICA SUR, CUENTA CON VIAS PRINCIALES, UBICADO CERCA DE PARQUES, PLAZAS COMERCIALES, ESCUELAS, BANCOS Y FARMACIAS.",13 jul 2023 - Publicado por Kioto-ANDRES MONTES
"Venta de Casa en Oaxaca, Agencia de Policia Guadalupe Victoria Sector 6, Oaxaca de Ju√°rez, Oaxaca, M√©xico",Mitula,Casa,"Oaxaca, Oaxaca, Ejido Guadalupe Victoria",[510000],[4],[3],[387],[221],"TE OFRECEMOS UNA PROPIEDAD UBICADA EN UNA ZONA CONFORT DEL ESTADO DE OAXACA A UN PRECIO EXCEPCIONALMENTE ACCESIBLE. ESTA CASA TIENE ACCESO POR AVENIDAS PRINCIPALES Y EST√Å RODEADA DE ESCUELAS Y TIENDAS, LO QUE LA CONVIERTE EN UNA ZONA MUY TRANQUILA PARA VIVIR.CON 4 AMPLIAS REC√ÅMARAS, UN ESTUDIO, UNA SALA Y COCINA, 3.5 BA√ëOS, ¬°Y UN AMPLIO ESPACIO PARA TUS MASCOTAS!, ESTA CASA ES EL LUGAR PERFECTO PARA VIVIR. ADEM√ÅS, CUENTA CON 2 LUGARES DE ESTACIONAMIENTO Y ES UNA INVERSI√ìN TOTALMENTE SEGURA, CON ENTREGA GARANTIZADA BAJO CONTRATO. ¬°NO ESPERES M√ÅS Y ADQUIERE ESTA PROPIEDAD HOY MISMO!",12 jul 2023 - Publicado por Kioto-ANDRES MONTES
"VENTA DE CASA EN OAXACA, OAXACA, CENTRO, OAXACA, OAX.",Mitula,Casa,"Oaxaca, Oaxaca, Manuel Sabino Crespo",[320000],[4],[3],[380],[279],"GRAN OPORTUNIDAD DE INVERSION CON ESTA GRAN PROPIEDAD, EN EXELENTE COLONIA DEL ESTADO DE OAXACA EMBLEMATICO ESTADO DE LA REPUBLICA, DISTRIBUCION EN DOS PLANTAS CUENTA CON 4 RECAMARAS, 3 BA√ëOS SALA, COMEDOR, EXTENSO JARDIN Y PATIO TRASERO.   ESTACIONAMIENTO PARA 2 AUTOS, EXELENTE UBICACI√ìN Y ZONA TRANQUILA DE GRAN COMODIDAD EN ACCESOS Y AVENIDAS PRINCIPALES A 2 KM DEL CENTRO DE OAXACA ( ZOCALO ) Y A 1 KM DEL AUDITORIO DE LA GUELAGUETZA","Hace 1 semana, 2 d√≠as - Publicado por Kioto-ANDRES MONTES"
VENTA DE CASA EN OAXACA MACEDONIO ALCALA,Mitula,Casa,"Agencia de Policia Guadalupe Victoria Sector 1, Oaxaca de Ju√°rez, Oaxaca, M√©xico",[510000],[4],[3],[387],[221],"CASA CON PRECIO MUY POR DE BAJO DE SU VALOR COMERCIAL, UBICADA EN UNA ZONA EXCLUSIVA DEL ESTADO DE OAXACA, ACCESO POR AVENIDAS PRINCIPALES, RODEADA DE ESCUELAS, TIENDAS, UNA ZONA MUY TRANQUILA PARA VIVIR, SU DISTRIBUCION ES DE : 4 AMPLIAS RECAMARAS, ESTUDIO, SALA ,COCINA, 3.5 BA√ëOS, AMPLIO ESPACIO PARA TENER A TUS MASCOTAS, 2 LUGARES DE ESTACIONAMIENTO, INVERSION TOTALMENTE SEGURA, ENTREGA GARANTIZADA BAJO CONTRATO. ‚ÄúNO SE ACEPTAN CREDITOS‚Äù  INFORMES CON:OSCAR MEDELL√çN",15 may 2023 - Publicado por Kioto-OSCAR MEDELLIN
"VENTA DE CASA EN SANTA ROSA, EDUCACION, OAXACA.",Mitula,Casa,"Jos√© Vasconcelos 301, Educacion, Oaxaca de Ju√°rez, Oaxaca, M√©xico",[780000],[2],[1],[95],[95],"HERMOSA PROPIEDAD PARA INVERTIR EN TU PATRIMONIO, EL INMUEBLE CUENTA UNA COMODA ESTANCIA CUENTA CON 2 AMPLIAS RECAMARAS, 1 BA√ëO Y 1 MEDIO BA√ëO, 1 LUGAR PARA ESTACIONAMIENTO  EXCELENTE UBICACI√ìN EN LA MEJOR ZONA RODEADA DE PRINCIPALES VIAS DE ACCESO",16 may 2023 - Publicado por Kioto Services
VENTA DE CASA EN OAXACA COL AMERICA SUR OAXACA DE JUAREZ,Mitula,Casa,"Oaxaca, Oaxaca, Am√©rica Sur",[715000],[3],[3],[415],[216],"UNICA OPORTUNIDAD DE ADQUIRIR BONITA CASA CON EXCELENTE UBICACI√ìN DENTRO DE COLONIA AMERICA SUR, CUENTA CON VIAS PRINCIALES, UBICADO CERCA DE PARQUES, PLAZAS COMERCIALES, ESCUELAS, BANCOS Y FARMACIAS. EL INMUEBLE CUENTA CON UNA ESTANCIA COMODA, COCINA INTEGRAL, 3 RECAMARAS, 3.5 BA√ëOS,2 LUGARES DE ESTACIONAMIENTO Y ESTUDIO",23 jun 2023 - Publicado por Kioto-Raquel Aguilar
VENTA DE CASA EN OAXACA,Mitula,Casa,"Pajaritos 213, Barrio de Jalatlaco, Oaxaca de Ju√°rez, Oaxaca, M√©xico",[695000],[3],[2],[240],[189],"EXCELENTE OPORTUNIDAD DE ADQUIRIR HERMOSACASA A UN ATRACTIVO COSTO Y CON EXCELENTE PLUSVAL√çA.LA MEJOR INVERSI√ìN EN BIENES RA√çCES LA DISTRIBUCI√ìN ES: SALA, COMEDOR, COCINA,3 RECAMARAS AMPLIAS,2.5 BA√ëOS,2 LUGARES DE ESTACIONAMIENTO, CUARTO DE LAVADO.EXCELENTE UBICACI√ìNCERCA DE: CENTROS COMERCIALES, UNIVERSIDADES, ESCUELAS, HOSPITALES, CLINICAS, CAFETERIAS, TIENDAS DE AUTO SERVICIO, BANCOS Y PARQUES",10 jul 2023 - Publicado por Kioto-Abraham Corpus
VENTA DE CASA OAXACA LA NORIA DEJUAREZ,Mitula,Casa,"Xicot√©ncatl, Zona Feb 10 2015, Barrio de la Noria, Oaxaca de Ju√°rez, Oaxaca, M√©xico",[790000],[3],[2],[130],[205],"GRAN OPORTUNIDAD DE INVERSION BONITA CASA A UN MUY ATRACTIVO COSTO Y CON EXCELENTE PLUSVALIA CASA, LA DISTRIBUCION ES SALA, COMEDOR, COCINA, CUARTO DE LAVADO, 3 RECAMARAS, 2.5 BA√ëO, 1 LUGAR DE ESTACIONAMIENTO.EXCELENTES VIAS DE ACCESO PERIFERICO, EDUARDO MATA, HOTELES, CENTROS COMERCIALES.ARQ.ANDRES FREIXAS TEL:",16 may 2023 - Publicado por Kioto-Andres Freixas
"VENTA DE CASA, OAXACA",Mitula,Casa,"Huerto Los Framboyanes, Universidad, Trinidad de las Huertas, Oaxaca de Ju√°rez, Oaxaca, M√©xico",[910000],[4],[3],[360],[200],"MARAVILLOSA ZONA CON ALTA PLUSVALIA, CUENTA CON, SALA, COMEDOR AMPLIOS, COCINA INTEGRAL, 4 RECAMARAS, 3.5 BA√ëOS, 3 LUGARES DE ESTACIONAMIENTO, PATIO, CUARTO DE LAVADO,  ESTUDIO, CUARTO DE TV. ES UNA PROPIEDAD IDEAL PARA VIVIR, E INCREMENTAR TU PATRIMONIO, ¬°¬°ES TU OPORTUNIDAD PARA CONVERTIRLO EN EL HOGAR DE TUS SUE√ëOS!! LA ZONA ES MUY TRANQUILA, ES UNA UBICACI√ìN ENVIDIABLE, TIENE TODOS LOS SERVICIOS A TU ALCANCE, ESCUELAS, PARQUES, COMERCIOS, SUPERMERCADOS. CON ACCESO POR PRINCIPALES V√çAS DE COMUNICACI√ìN, A POCOS MINUTOS DE LAS AVENIDAS PRINCIPALES DE LA ZONA.",12 jun 2023 - Publicado por Kioto-franco Saldivar
VENTA DE CASA EN OAXACA COL AMERICA SUR OAXACA,Mitula,Casa,"Oaxaca, Oaxaca, Am√©rica Sur",[715000],[3],[3],[415],[264],"UNICA OPORTUNIDAD DE ADQUIRIR BONITA CASA CON EXCELENTE UBICACI√ìN DENTRO DE COLONIA AMERICA SUR, CUENTA CON VIAS PRINCIALES, UBICADO CERCA DE PARQUES, PLAZAS COMERCIALES, ESCUELAS, BANCOS Y FARMACIAS. EL INMUEBLE CUENTA CON UNA ESTANCIA COMODA, COCINA INTEGRAL, 3 RECAMARAS, 3.5 BA√ëOS,2 LUGARES DE ESTACIONAMIENTO Y ESTUDIO.","Hace 2 semanas, 6 d√≠as - Publicado por Kioto-Carlos Alberto Gracida"
"EGE, BONITA CASA EN RECUPERACION HIPOTECARIA EN OAXACA CENTRO! SOLO CONTADO.",Mitula,Casa,"Manuel Sabino Crespo, Oaxaca de Ju√°rez, Oaxaca, M√©xico",[1680173],[3],[2],[180],[180],"CASA EN VENTA: MANUEL SABINO CRESPO, CENTRO,OAXACA, OAXACA. Precio: $ 1,680,173.00 **Gran oportunidad de adquirir Casa .** Solo Pago de Contado. **Precio sujeto a cambio sin previo aviso** Para Mayor Informes Cont√°ctanos: Lic. Estrada Cel:,Whatsapp: Quienes Somos:",26 jun 2023 - Publicado por INTERMEDIA HOME - Ernesto Gardu√±o
OPORTUNIDAD REMATO CASA EN TRINIDAD DE LAS HUERTAS OAXACA DE JUAREZ SOLO RECURSOS PROPIOS CONTADO,Mitula,Casa,"Trinidad de Las Huertas, Universidad, Trinidad de las Huertas, Oaxaca de Ju√°rez, Oaxaca, M√©xico",[1195000],[3],[2],[180],[180],"Recuperaci√≥n HipotecariaOportunidad de Inversi√≥nCasa en Trinidad de Las Huertas, Universidad, Trinidad de las Huertas, Oaxaca de Ju√°rez, Oaxaca, M√©xicoEs momento de invertir en tu patrimonio adquiere una propiedad por medio de RECUPERACI√ìN HIPOTECARIAEntrega garantizada, asesor√≠a profesional de principio a fin.Los remates bancarios son propiedades que los bancos recuperan de deudores que no pagaron su cr√©dito hipotecario.Invertir en Remates Bancarios es un negocio sin riesgos ya que la Cesi√≥n se paga directamente al bancoLos inmuebles no se pueden ver en su interior ya que siguen habitados por los deudores y tampoco se pueden adquirir mediante cr√©ditos hipotecarios, √∫nicamente CON RECURSOS PROPIOS. El tiempo de entrega depende del avance jur√≠dicoSe pueden comprar inmuebles hasta en la cuarta parte de su valor comercial, por eso se llaman remates bancarios.Si realmente quieres hacer dinero, compra Cesiones de Derechos.Para mayores informes, contacta me y agenda tu cita en nuestras oficinasAlejandra NavaAsesor Comercial,BOK25643","Hace 2 d√≠as, 23 horas - Publicado por INVERSIONES INMOBILIARIAS 1"
"CASA EN EL MIRADOR, LOMA LINDA OAXACA DE JU√ÅREZ, OAX.",Mitula,Casa,"El Mirador, Loma Linda, Oaxaca de Ju√°rez, Oaxaca, M√©xico",[1445787],[3],[2],[168],[216],"INMUEBLE  ¬®ADJUDICADO¬®$$$$$$$$$   N O   ACEPTAMOS  C R √â D I T O S   $$$$$$$$¬° ¬° ¬° PROPIEDADES MUY POR DEBAJO DE SU VALOR COMERCIAL, OPORTUNIDAD UNICA PARA INVERTIR ! ! !‚Ä¢¬øQU√â ES UN REMATE HIPOTECARIO?INMUEBLES QUE SE OFERTAN A UN BAJO COSTO POR SER CATALOGADOS COMO CARTERA VENCIDA. EL BANCO BUSCA RECUPERAR SU INVERSI√ìN Y REMATA LOS INMUEBLES A UN BAJO COSTO.‚Ä¢BENEFICIOS AL ADQUIRIR ESTE TIPO DE PROPIEDAD:-¬°ENTREGA GARANTIZADA BAJO CONTRATO¬°-CESI√ìN DE DERECHOS Y ADJUDICATARIOS EN UN LAPSO NO MAYOR A 30 D√çAS-GARANTIZAMOS LA ENTREGA DEL INMUEBLE, TODO ANTE NOTARIO P√öBLICO.-EVIDENCIA DE CESIONES- LA SEGURIDAD DE UNA EMPRESA SERIA Y CONSTITUIDA QUE CUENTA CON EXPERIENCIA EN LA VENTA DE REMATES HIPOTECARIOS.‚Ä¢ASESOR√çA JUR√çDICA PROFESIONAL.- ABOGADOS CAPACITADOS PARA PODER BRINDARTE LA MEJOR ATENCI√ìN Y SERVICIO EN SU TR√ÅMITE.‚Ä¢CONDICIONES DE COMPRA.-NO SE ACEPTAN CR√âDITOS DE NING√öN TIPO, SOLO PAGO CON RECURSOS PROPIOS.¬° ¬° CONT√ÅCTEME YA Y AGENDA TU CITA ! !",30 may 2023 - Publicado por Hunave Certeza Inmobiliaria 2.0 - Laura Enrique P√©rez
"CASA EN VENTA EN OAXACA DE JU√ÅREZ, OAXACA CENTRO",Mitula,Casa,"Calle Manuel Sabino Crespo 67-617, Guelaguetza, Oaxaca, 68070, MEX",[427704],[3],[2],[150],[150],¬°¬°¬° EXCELENTE OPORTUNIDAD PARA HABITAR O INVERTIR EN UN INMUEBLE DE RECUPERACI√ìN BANCARIA !!!¬°¬°SOLO PAGO DE CONTADO!!Adquiere esta propiedad de HASTA un 50% por debajo de su valor comercial¬°INVIERTE EN TU PATRIMONIO Y EL DE TU FAMILIA!INVERSI√ìN PROTEGIDA BAJO CONTRATO. TIEMPO DE 10 A 14 MESES APROX.PRECIOS Y DISPONIBILIDAD SUJETOS A CAMBIO SIN PREVIO AVISO(fotograf√≠as ilustrativas √∫nicamente de referencia)CONTACTO: ANAHI VELAZQUEZ CUALQUIER INFORMACI√ìN POR WHATSAPP O LLAMADAID: VIO824,27 abr 2023 - Publicado por INTERMEDIA HOME - Anahi Velazquez
HERMOSA CASA A UNOS MINUTOS DEL CENTRO DE OAXACA,Mitula,Casa,"Macedonio Alcal√° 134, Agencia de Policia Guadalupe Victoria Sector 6, Oaxaca de Ju√°rez, Oaxaca, M√©xico",[1239000],[4],[3],[380],[220],"CASA CON EXCELENTE DISE√ëO, RODEADA DE TODOS LOS SERVICIOS. CERCANA A ESCUELAS Y EN UNA BUENA ZONA.","Hace 2 semanas, 4 d√≠as - Publicado por Ejecutivos hipotecarios - ISRA DOMINGUEZ"
CASA EN VENTA PAJARITOS BARRIO DE JALATLACO OAXACA DE JUAREZ,Mitula,Casa,"Pajaritos, Barrio de Jalatlaco, Oaxaca de Ju√°rez, Oaxaca, M√©xico",[695000],,,,,"UNICA OPORTUNIDAD DE ADQUIRIR HERMOSA CASA CON EXCELENTE UBICACI√ìN DENTRO DE COLONIA BARRIO DE JALATLACO, CUENTA CON VIAS PRINCIALES, UBICADO CERCA DE PARQUES, ESCUELAS, BANCOS Y FARMACIAS. EL INMUEBLE CUENTA CON UNA ESTANCIA COMODA, COCINA INTEGRAL, 3 RECAMARAS, 2.5 BA√ëOS, 2 LUGARES DE ESTACIONAMIENTO.",27 jul 2023 - Publicado por Kioto-Alejandro Pe√±a
HERMOSA CASA EN OAXACA,Mitula,Casa,"Huerto Los Framboyanes 102, Universidad, Trinidad de las Huertas, 68120 Oaxaca de Ju√°rez, Oax., M√©xico",[899000],[3],[2],[127],[180],"UNA DE LAS CASAS MEJOR UBICADAS, A TAN SOLO UNOS MINUTOS DEL CENTRO DE LA CIUDAD, RODEADA DE TODOS LOS SERVICIOS COMO HOSPITALES, CENTROS COMERCIALES (PLAZA OAXACA), A UNAS CALLES DE LA UNIVERSIDAD AUTONOMA BENITO JUAREZ DE OAXACA.",20 jun 2023 - Publicado por Ejecutivos hipotecarios - ISRA DOMINGUEZ
REMATO CASA EN OBRA,Mitula,Casa,"Loma Bonita 133, La Loma, Oaxaca de Ju√°rez, Oaxaca, M√©xico",[1855500],[3],[2],[156],[206],"Un REMATE HIPOTECARIO es una de las inversiones m√°s seguras y de mayores rendimientos Somos uno de los despachos de m√°s experiencia del pa√≠s. Ten en cuenta que este tipo de oportunidades tiene ciertas condiciones: ‚Ä¢ El pago es solamente de contado porque son oportunidades que surgen de cr√©ditos previamente otorgados y no cubiertos. ‚Ä¢ Los inmuebles tienen un tiempo de entrega de 3 a 10 meses porque son propiedades que el banco recupera a trav√©s de un proceso legal el cual nosotros como despacho jur√≠dico lo realizamos completamente t√∫ no tienes que hacer nada. ‚Ä¢ La vivienda s√≥lo se puede ver por fuera debido al proceso legal.  Ll√°manos, TENEMOS M√ÅS DE 20 A√ëOS DE EXPERIENCIA PRECIOS Y DISPONIBILIDAD SUJETOS A CAMBIOS SIN PREVIO AVISO. *LOS DETALLES DEL INMUEBLE SON APROXIMADOS.",28 jun 2023 - Publicado por ARSIM - ARSIM MX
APRA **OPORTUNIDAD DE CASA EN EXCLUSIVO FRACCIONAMIENTO EN REMATE**,Mitula,Casa,"Loma Verde 145, La Loma Ampliacion, Oaxaca de Ju√°rez, Oaxaca, M√©xico",[1715478],[2],[1],[65],[140],"APRA Casa de RECUPERACI√ìN BANCARIA, gran oportunidad para que inviertas en LA LOMA AMPLIACION.Somos uno de los despachos con m√°s experiencia del pa√≠s y te acompa√±aremos en todo el proceso.Ten en cuenta que este tipo de oportunidades tiene ciertas condiciones:‚Ä¢ El pago es solamente de contado, NO CR√âDITOS porque son oportunidades que surgen de cr√©ditos previamente otorgados y no cubiertos.‚Ä¢ Los inmuebles tienen un tiempo de entrega de 10 a 14 meses porque son propiedades que el banco recupera a trav√©s de un litigio.‚Ä¢ La vivienda s√≥lo se puede ver por fuera debido al proceso legal.¬øTe interesa?Ll√°manos, TENEMOS M√ÅS DE 20 A√ëOS DE EXPERIENCIA,o escr√≠benos al correo:,PRECIOS Y DISPONIBILIDAD SUJETOS A CAMBIOS SIN PREVIO AVISO. *LOS DETALLES DEL INMUEBLE SON APROXIMADOS.",4 jul 2023 - Publicado por ARSIM - ARSIM MX
VENTA DE CASA EN OAXACA,Mitula,Casa,"Xicot√©ncatl, Zona Feb 10 2015, Barrio de la Noria, Oaxaca de Ju√°rez, Oaxaca, M√©xico",[790000],[3],[2],[250],[113],"MAGNIFICA OPORTUNIDAD DE ADQUIRIR BONITA CASA CON EXCELENTE PLUSVALIA. LA DISTRIBUCION ES SALA, COMEDOR, COCINA, CUARTO DE LAVADO, 3 RECAMARAS, 2.5 BA√ëOS, 1 LUGAR DE ESTACIONAMIENTO Y AMPLIO JARDIN PRIVADO. EXCELENTES VIAS DE ACCESO PERIFERICO, EDUARDO MATA, HOTELES, CENTROS COMERCIALES, CERCANA A SUPERMERCADOS, ZONA DE BANCOS, PARQUES, ESCUELAS, FARMACIAS, TIENDAS, ETC.",27 jul 2023 - Publicado por Kioto-Montserrat Celis
CASA E OAXACA,Mitula,Casa,"Huerto Los Framboyanes 102, Universidad, Trinidad de las Huertas, Oaxaca de Ju√°rez, Oaxaca, M√©xico",[899000],[3],[2],[180],[180],"¬°¬°Gran Venta Especial!!Obt√©n tu nuevo patrimonio familiar con una ubicaci√≥n privilegiada, rodeada por las principales v√≠as de comunicaci√≥n, medios de transporte, mercados, centros comerciales, escuelas, bancos, hospitales, zonas de recreaci√≥n y localidades de importancia como: Hospital Diana, Gimnasio Universitario.Tambi√©n Avenidas conocidas como: Av. Oaxaca, Av. Universidad.   ‚Ä¢Solo Capital Propio‚Ä¢Agenda tu cita y conoce m√°s detalles de TU NUEVA CASA",23 jun 2023 - Publicado por Ejecutivos hipotecarios - CARLOS GUTIERREZ
VENTA DE CASA EN OAXACA,Mitula,Casa,"Argentina, America Sur, Oaxaca de Ju√°rez, Oaxaca, M√©xico",[715000],[3],[3],[415],[264],"UNICA OPORTUNIDAD DE ADQUIRIR BONITA CASA CON EXCELENTE UBICACI√ìN DENTRO DE COLONIA AMERICA SUR, CUENTA CON VIAS PRINCIALES, UBICADO CERCA DE PARQUES, PLAZAS COMERCIALES, ESCUELAS, BANCOS Y FARMACIAS. EL INMUEBLE CUENTA CON UNA ESTANCIA COMODA, COCINA INTEGRAL, 3 RECAMARAS, 3.5 BA√ëOS,2 LUGARES DE ESTACIONAMIENTO Y ESTUDIO.""""""NO SE ACEPTAN CREDITOS""""""MAYOR INFORMACI√ìN CON MONTSERRAT CELIS :",15 may 2023 - Publicado por Kioto-Montserrat Celis
CASA EN VENTA MACEDONIO ALCALA GUADALUPE VICTORIA OAXACA DE JUAREZ,Mitula,Casa,"Macedonio Alcal√°, Agencia de Policia Guadalupe Victoria Sector 6, Oaxaca de Ju√°rez, Oaxaca, M√©xico",[510000],[4],[3],[387],[221],"ESTA ES LA OPORTUNIDAD PARA REALIDAD TU SUE√ëO DE TENER UNA CASA PROPIA, INVIERTE EN UNA PROPIEDAD A UN EXCELENTE PRECIO MUY POR DE BAJO DE SU VALOR COMERCIAL, UBICADA EN UNA ZONA EXCLUSIVA DEL ESTADO DE OAXACA, ACCESO POR AVENIDAS PRINCIPALES, RODEADA DE ESCUELAS, TIENDAS, UNA ZONA MUY TRANQUILA PARA VIVIR, SU DISTRIBUCION ES DE : 4 AMPLIAS RECAMARAS, ESTUDIO, SALA ,COCINA, 3.5 BA√ëOS, AMPLIO ESPACIO PARA TENER A TUS MASCOTAS, 2 LUGARES DE ESTACIONAMIENTO, INVERSION TOTALMENTE SEGURA, ENTREGA GARANTIZADA",13 may 2023 - Publicado por Kioto-Alejandro Pe√±a
CASA EN VENTA EN MACEDONIO ALCALA COL AGENCIA DE POLICIA GUADALUPE VICTORIA OAXACA DE JUAREZ,Mitula,Casa,"Macedonio Alcal√°, Agencia de Policia Guadalupe Victoria Sector 6, Oaxaca de Ju√°rez, Oaxaca, M√©xico",[510000],[4],[3],[387],[221],"ESTA ES LA OPORTUNIDAD PARA REALIDAD TU SUE√ëO DE TENER UNA CASA PROPIA, INVIERTE EN UNA PROPIEDAD A UN EXCELENTE PRECIO, UBICADA EN UNA ZONA EXCLUSIVA DEL ESTADO DE OAXACA, ACCESO POR AVENIDAS PRINCIPALES, RODEADA DE ESCUELAS, TIENDAS, UNA ZONA MUY TRANQUILA PARA VIVIR, SU DISTRIBUCION ES DE : 4 AMPLIAS RECAMARAS, ESTUDIO, SALA ,COCINA, 3.5 BA√ëOS, AMPLIO ESPACIO PARA TENER A TUS MASCOTAS, 2 LUGARES DE ESTACIONAMIENTO, INVERSION TOTALMENTE SEGURA,",21 jul 2023 - Publicado por Kioto-Alejandro Pe√±a
VENTA DE CASA EN XIPETOTEC COL VILLA DE MONTE ALBAN OAXACA OAXACA,Mitula,Casa,"Xipetotec 49, Villas de Monte Alban, Oaxaca de Ju√°rez, Oaxaca, M√©xico",[568000],[2],[1],[94],[60],"EXCELENTE OPORTUNIDAD DE ADQUIRIR HERMOSA CASA LA DISTRIBUCI√ìN ES: SALA, COMEDORCOCINA2 RECAMARAS AMPLIAS1 BA√ëO CUARTO DE LAVADO. COSTO TOTAL DE LA PROPIEDAD: 568.000 MIL PESOSEXCELENTE UBICACI√ìNCERCA DE: CENTROS COMERCIALES, UNIVERSIDADES, ESCUELAS, HOSPITALES, CLINICAS, CAFETERIAS, TIENDAS DE AUTO SERVICIO, BANCOS Y PARQUES","Hace 1 semana, 2 d√≠as - Publicado por Kioto-Paola Maga√±a"
VENTA DE CASA EN SAN JOSE LA NORIA OAX. COL. UNIVERSIDAD,Mitula,Casa,"Yagul 210, Universidad, San Jose la Noria, Oaxaca de Ju√°rez, Oaxaca, M√©xico",[950000],[4],[3],[190],[214],"MAGNIFICA OPORTUNIDAD DE VENTA EN OAXACA, ZONA DE ALTA PLUSVALIA.  ESTANCIA DIVIDIDA EN 4 RECAMARAS, 3.5 BA√ëOS, SALA, COCINA Y COMEDOR, CUENTA CON PATIO TRASERO Y ESPACIO ACTUALMENTE UTILIZADO COMO ACCESORIA. MUY BIEN UBICADA CERCA DE ESCUELAS, HOSPITALES, ZONA DE BANCOS, √ÅREAS PARA MASCOTAS, SUPERMERCADOS, FARMACIAS, TIENDAS DE AUTOSERVICIO, PARQUES, ETC. ADQUIERE PROPIEDAD CON UN DESCUENTO DEL 50 AL 70% DE SU VALOR COMERCIAL, SU INVERSI√ìN 100% SEGURA, ENTREGA GARANTIZADA!! ESPECIALISTAS EN RECUPERACI√ìN DE INMUEBLES.. **NO SE ACEPTAN CR√âDITOS**INFORMES : EVELYN OLIVARES  TEL",18 may 2023 - Publicado por Kioto-Evelyn Olivares
HERMOSA CASA EN CENTRO DE OAXACA,Mitula,Casa,"Calle de Manuel Sabino Crespo, Centro, Oaxaca de Ju√°rez, Oaxaca, M√©xico",[427700],[4],[3],[350],[270],"HERMOSA CASA DE DOS NIVELES, CON EXCELENTE UBICACI√ìN, A UNOS MINUTOS DEL CENTRO DE OAXACA, CON TODOS LOS SERVICIOS CERCANOS, COMO ESCUELAS, HOSPITALES, BANCOS, PARQUES Y ACTIVIADES RECREATIVAS. VIAS ALTERNAS FAUSTINO G OLIVERA Y CARRETERA INTERNACIONAL.NO LO DUDES MAS LLEGO TU TIEMPO DE INVERTIR EN TU PROPIEDAD, EN UNA DE LAS MEJORES ZONAS.APROVECHA LOS GRANDES DESCUENTOS QUE TE OFRECEMOS POR DEBAJO DEL 50% DEL VALOR COMERCIAL, SOMOS UNA EMPRESA ESPECIALIZADA EN PROCESOS DE REGULACION E INTERMEDIACION MERCANTIL DE CARTERA VENCIDA PROVENIENTE DE INSTITUCIONES BANCARIAS.**UNICAMENTE PAGO CON RECURSOS PROPIOS***NO SE ACEPTAN CREDITOS HIPOTECARIOS*AGENDA TU CITA PARA ACLARAR TODAS TUS DUDAS.","17 jul 2023 - Publicado por ALEJANDRO VARGAS -Constructora Inmobiliaria Peza, S.A. de C.V."
VENTA DE CASA COLONIA AGENCIA DE POLICIAS GUADALUPE VICTORIA OAXACA OX,Mitula,Casa,"Macedonio Alcal√°, Agencia de Policia Guadalupe Victoria Sector 6, Oaxaca de Ju√°rez, Oaxaca, M√©xico",[510000],[4],[3],[350],[200],"EXCELENTE OPORTUNIDAD DE HACER CRECER TU PATRIMONIO, TENGO A LA VENTA UNA MARAVILLOSA CASA. CON UNA UBICACION ESPECTACULAR, EN UNA DE LAS ZONAS CON MAYOR VALOR COMERCIAL EN LOS BIENES RAICES, EN LA COLONIA GUADALUPE VICTORIA. OAXACA DE JUAREZ OAXACA, CUENTA EN SUS ALREDEDORES CON PLAZAS COMERCIALES DE 1RA CATEGORIA, ESCUELAS EN TODOS LOS NIVELES EDUCATIVOS, CENTROS DE RECREACION FAMILIAR, PARQUES Y AREAS NATURALES PARA LOS NI√ëOS, HOSPITALES Y CENTROS MEDICOS. ADEMAS ACCESO A LA CASA POR LAS PRINCIPALES AVENIDAS DE LA CIUDAD Y LO MAS IMPORTANTE POR SU CERCANIA CON EL CENTRO DE LA CIUDAD REPRESENTA UNA EXCELENTE INVERSION. EL INMUEBLE CUENTA CON 4 RECAMARAS, COCINA, SALA, COMEDOR, ESTUDIO, 3 BA√ëOS Y ESTACIONAMIENTO PARA 2 CARROS, ADEMAS ESPACIO PARA SUS MASCOTAS. ES UNA INVERSION SEGURA Y GARANTIZADA BAJO CONTRATO. NOTA: NO SE ACEPTAN CREDITOS. PARA MAYOR INFORMACION COMUNIQUESE CON SU ASESOR INMOBILIARIO.",15 may 2023 - Publicado por Kioto-Pedro Chavez
VENTA DE CASA EN OAXACA COL AGENCIA DE POLICIA GUADALUPE VICTORIA,Mitula,Casa,"Macedonio Alcal√° 134, Agencia de Policia Guadalupe Victoria Sector 6, Oaxaca de Ju√°rez, Oaxaca, M√©xico",[510000],[4],[3],[387],[221],"EXCELENTE OPORTUNIDAD DE ADQUIRIR HERMOSACASA A UN ATRACTIVO COSTO Y CON EXCELENTE PLUSVAL√çA.LA MEJOR INVERSI√ìN EN BIENES RA√çCES LA DISTRIBUCI√ìN ES: SALA, COMEDOR, COCINA4 RECAMARAS AMPLIAS3.5 BA√ëOS2 LUGARES DE ESTACIONAMIENTOCUARTO DE LAVADO. EXCELENTE UBICACI√ìNCERCA DE: CENTROS COMERCIALES, UNIVERSIDADES, ESCUELAS, HOSPITALES, CLINICAS, CAFETERIAS, TIENDAS DE AUTO SERVICIO, BANCOS Y PARQUES",14 jun 2023 - Publicado por Kioto-Keyla  Marquez
"VENTA DE CASA EN, OAXACA",Mitula,Casa,"Macedonio Alcala, Emiliano Zapata, Oaxaca de Ju√°rez, Oaxaca, M√©xico",[510000],[4],[3],[381],[221],"DESCRIPCION: ESTA ES LA OPORTUNIDAD PARA REALIDAD TU SUE√ëO DE TENER UNA CASA PROPIA, INVIERTE EN UNA PROPIEDAD A UN EXCELENTE PRECIO MUY POR DE BAJO DE SU VALOR COMERCIAL, UBICADA EN UNA ZONA EXCLUSIVA DEL ESTADO DE OAXACA, ACCESO POR AVENIDAS PRINCIPALES, RODEADA DE ESCUELAS, TIENDAS, UNA ZONA MUY TRANQUILA PARA VIVIR, SU DISTRIBUCION ES DE : 4 AMPLIAS RECAMARAS, ESTUDIO, SALA ,COCINA, 3.5 BA√ëOS, AMPLIO ESPACIO PARA TENER A TUS MASCOTAS, 2 LUGARES DE ESTACIONAMIENTO, INVERSION TOTALMENTE SEGURA, ENTREGA GARANTIZADA BAJO CONTRATO. ‚ÄúNO SE ACEPTAN CREDITOS‚Äù INFORMES CON: FRANCO SALDIVAR",15 may 2023 - Publicado por Kioto-franco Saldivar
VENTA DE CASA OAXACA,Mitula,Casa,"La Paz San Felipe, Oaxaca de Ju√°rez, Oaxaca, M√©xico",[890000],[3],[3],[225],[300],"MAGNIFICA OPORTUNIDAD PARA ADQUIRIR ESTA HERMOSA CASA Y HACER CRECER TU PATRIMONIO FAMILIAR. UBICADA EN UNA ZONA DE ALTA PLUSVALIA CON ACCESO TOTAL POR AVENIDAS PRINCIPALES (CARRETERA CRISTOBAL COLON Y CALZ. SAN FELIPE DEL AGUA) ADEMAS, ESTA A SOLO 5 MINUTOS DE CENTRO DE SALUD, 13 MINUTOS DE PLAZA MAZARI Y 40 MINUTOS DE ESTADIO EDUARDO VASCONCELOS. RODEADA DE TODO LO QUE NECESITAS: RESTAURANTES, BANCOS, FARMACIAS, CENTRO COMERCIALES, PARQUES, MERCADOS, SUPER MERCADOS, HOSPITALES Y CAFETERIAS. LA CASA CUENTA CON 3 AMPLIAS RECAMARAS, 2 BA√ëOS COMPLETOS, 1 BA√ëO PARA VISITAS Y COCHERAS PARA ESTACIONAR 2 AUTOS. NO PIERDAS LA OPORTUNIDAD DE GARANTIZAR LA COMODIDAD Y TRANQUILIDAD DE LA FAMILIA.",20 jun 2023 - Publicado por Kioto-franco Saldivar
REMATO CASAS EN SANTA ROSA OAXACA DE JUAREZ,Mitula,Casa,"Oaxaca, Oaxaca, Santa Rosa Panzacola",[5500000],[8],[6],,[681],"Inmueble ubicad en Fraccionamiento los Sauces a solo unas cuadras del Mercado Zonal de Santa Rosa. CONSTA DE Casa de un solo nivel:-3 Recamaras -Sala/comedor-Cocina -3 Ba√±o completos uno en cada habitacion -Patio de Servicio-Alberca / para rehabilitar -Amplio Jard√≠n- amplio estacionamiento para 4 autos Bungalow Adjunto:-1 Recamara-1 Ba√±o completo -Sala -CocinetaDepartamento 1 en planta alta -2 Recamaras-Sala/comedor -1 Ba√±o completo  -CocinetaDentro  2   con salida independiente, el cual consta de:-Sala/comedor -Cocineta -2 Recamaras-1 Ba√±o completo-Patio de servicio- jardin Cercan√≠a con escuelas de nivel b√°sico, media superior y superior (publicas y privadas), bancos, mercado zonal y de auto servicio.APLICA PARA CREDITOPRECIO NEGOCIABLE.Mayores informes, previa cita. EasyBroker ID: EB-CJ5462",9 may 2023 - Publicado por PROISA INMOBILIARIA
TERRENO EN SAN LUIS BELTRAN OAXACA - (3),Mitula,Terreno,"Oaxaca, Oaxaca, Los √Ångeles",[13250000],,,[1],[5300],"EXCELENTE TERRENO PARA CONTRUCCION DE CASAS, UBICADO EN LA COLONIA SAN LUIS BELTRAN CON VISTA PANORAMICA A LA CIUDAD DE OAXACA. (3)",19 may 2023 - Publicado por REMAX cantera
VENTA DE CASA EN COL. GUADALUPE VICTORIA OAXACA OAX,Mitula,Casa,"Guadalupe Victoria, Agencia de Policia Guadalupe Victoria Sector 2, Oaxaca de Ju√°rez, Oaxaca, M√©xico",[510000],[4],[3],[387],[221],"HERMOSA CASA, UBICADA EN UNA ZONA EXCLUSIVA DEL ESTADO DE OAXACA, ACCESO POR AVENIDAS PRINCIPALES, RODEADA DE ESCUELAS, TIENDAS, UNA ZONA MUY TRANQUILA PARA VIVIR, SU DISTRIBUCION ES DE : 4 AMPLIAS RECAMARAS, ESTUDIO, SALA ,COCINA, 3.5 BA√ëOS, AMPLIO ESPACIO PARA TENER A TUS MASCOTAS, 2 LUGARES DE ESTACIONAMIENTO",11 jul 2023 - Publicado por Kioto-Juan Jose
"VENTA DE CASA EN COL. AMERICA SUR, OAXACA DE JUAREZ, OAX. (NO CR√âDITO)",Mitula,Casa,"Argentina, America Sur, Oaxaca de Ju√°rez, Oaxaca, M√©xico",[9887478],[3],[3],[415],[264],"¬°Incre√≠ble oportunidad de adquirir una hermosa casa en una de las mejores zonas de Colonia America Sur! La propiedad cuenta con una ubicaci√≥n inmejorable, cerca de v√≠as principales, parques, plazas comerciales, escuelas, bancos y farmacias. La casa tiene una distribuci√≥n c√≥moda, con una hermosa cocina integral, 3 amplias rec√°maras, 3.5 ba√±os, 2 lugares de estacionamiento y un estudio, lo que la hace ideal para familias grandes o aquellas que buscan un espacio adicional para trabajar desde casa. ¬°No pierdas esta oportunidad de hacer realidad el sue√±o de tener tu propia casa hoy mismo! No se aceptan cr√©ditos, ¬°cont√°ctanos para m√°s informaci√≥n y asesor√≠a personalizada!",14 may 2023 - Publicado por Kioto-Juan Jose
PROPIEDAD  IDEAL PARA OFICINAS O NEGOCIO,Mitula,Casa,"Oaxaca, Oaxaca, Santa Rosa Panzacola",[2950000],[7],[2],,[200],"PROPIEDAD IDEAL PARA OFICINAS, O NEGOCIO, A 5 MIN DE BODEGA AURRERA DE STA. ROSA, OAXACA, A SOLO UNAS CUADRAS DEL CRUCERO DE BRENAMIELPropiedad en buen Estado de conservaci√≥n, ideal para, oficinas y/o negocio, ubicada a unos metros de la carretera y a 5 min de Bodega Aurrera, en Santa Rosa Panzacola.Construida en 2 nivelesPLANTA BAJA:-Local comercial amplio con 1/2 ba√±o. -Cochera para 2 veh√≠culos-Sala/comedor (Sala 1 de juntas, amplia)-ba√±o completo, dividido el √°rea de regadera del Wc- 4 habitaciones s/closets PLANTA ALTA:- 3 Recamaras amplias- 1 √°rea como para Cocineta, cuenta con las salidas de agua, drenajes y gas, o se cancela y funciona como estudio -Sala 2 de juntas, amplia-1 Ba√±o completoCon posibilidad de ampliar a 2 habitaciones m√°s, o terraza. Tambi√©n cuenta con:-Cisterna con bomba-Calentador -Escalera caracol p/azotea, losa plana.*Cercan√≠a con Guarder√≠as, Escuelas de nivel b√°sico y superior p√∫blicas y privadas, centro comercial, bancos, deportivo y cl√≠nicas de salud.Mayores InformesPREVIA CITAPAULINA JIMENEZ,. EasyBroker ID: EB-JT6096",9 may 2023 - Publicado por PROISA INMOBILIARIA
TERRENO ATRAS EN LA CASCADA ISSSTE - (3),Mitula,Terreno,"Oaxaca, Oaxaca, Fraccionamiento La Cascada",[1540000],,,[1],[280],"TERRENO CON UNA EXCELENTE UBICACION EN LA COLONIA LA CASCADA IDEAL PARA EDIFICAR UNA CASA CON DESNIVELES, CON TODOS LOS SERVICIOS PARA CONECTAR SOBRE CALLE PAVIMENTADA  (3)",9 mar 2023 - Publicado por REMAX cantera
"""SE VENDE CASA Y EDIFICIO EN 5 SE√ëORES"" - (3)",Mitula,Locales Comerciales,"Oaxaca, Oaxaca, 5 Se√±ores",[6200000],,,[490],[166],Descripci√≥n: LA CASA CONSTA DE:-3 rec√°maras -2 ba√±os completos-Sala -Cocina integral-Comedor-Estudio -Patio de servicio-Cochera para 2 autos-Cisterna de 12 mil litros-2 tomas de aguaEL EDIFICIO CONSTA DE:‚Ä¢ 8 habitaciones ‚Ä¢ Todas con ba√±o ‚Ä¢ Medidas irregulares cuartos aproximadamente de 5x3 ‚Ä¢ Cuenta con todos los servicios  (3),8 mar 2023 - Publicado por REMAX cantera
EN VENTA TERRENO UBICADO EN LA COL. ESTADO DE OAXACA - (3),Mitula,Terreno,"Oaxaca, Oaxaca, Estado de Oaxaca",[5500000],,,[1],[1374],"TERRENO EJIDAL Precio $5,500,000 (Negociable)‚Ä¢ Ubicado en la calle Etla 403, Colonia Estado de Oaxaca, San Martin Mexicapan, Oaxaca.‚Ä¢ Superficie de 1,374.75 m2, ‚Ä¢ Cuenta con todos los servicios: Agua, Luz, DrenajeEsta sobre calle pavimentada‚Ä¢ A 2 cuadras de Riveras del Atoyac, a 6 cuadras de la avenida Monte Alb√°n.‚Ä¢ A 5 minutos de la central de abastos, a 7 minutos de Plaza bella.‚Ä¢ Ideal para bodega, nave industrial, departamentos, cuartos de renta, casa habitaci√≥n.Nota: La peque√±a construcci√≥n es de lamina (3)",9 jul 2023 - Publicado por REMAX cantera
Rancho en Venta en Oaxaca de Ju√°rez,Mitula,Villa,"Oaxaca, Oaxaca, Fraccionamiento El Arenal",[20753000],[2],[2],[4000],,"Estese el rancho qu√© te comento que urgesu venta, el lugar es totalmente plano. La parte construida consta de dos naves grandes, tienen extruras estabulada para ganado mayor y menor, rampa para carga y descarga de ganado de compra venta, tiene una casa patronal, dos habitaciones, sala, cocina, comedor, despacho, ba√±o interno, cuartos para trabajadores con su ba√±o, una alberca semi ol√≠mpica, pozo semi-profundo con permiso oficial vigente para riego de alfalfa y cultivos diversos,  son siete hect√°reas y media se pueden subdividir para lotificar, se puede hacer un centro recreativo regional esta muy propio para centro de desarrollo comercial por su punto de encuentro.Superficie 75 000 m2. Luz/ trifasica/ pozo SEMIPROFUNDO/ permiso de conagua /propiedad privada/ 2 accesos  uno pavimentado y otro de terraceria / una construcci√≥n de m√°s 4000m¬≤ /  tiene casa con 2 rec√°maras/ oficina /cocina/ sala /capilla 2/ ba√±os/ alberca /naves","Hace 6 d√≠as, 13 horas - Publicado por e-inmob"
Se vende Hotel Comercial a una cuadra del coraz√≥n del centro hist√≥rico de Oaxaca.  - (3),Mitula,Locales Comerciales,"Oaxaca, Oaxaca",[29000000],,,,[466],"12 habitaciones., Hotel con alto flujo comercial, ubicado en el primer cuadro del centro Hist√≥rico de la Ciudad de Oaxaca, su nivel econ√≥mico es Alto debido a la afluencia peatonal, tiene una superficie de 466.230mts2, un 75% de construcci√≥n y un 25% de √°rea libre, PLANTA BAJA cuenta con una construcci√≥n a doble altura, afuera 2 locales comerciales, 5 habitaciones con ba√±o propio, un medio ba√±o en pasillo, entrada techada para 2 carros, al fondo se tiene una casa habitaci√≥n, con 3 recamaras con ba√±o, con 2 salas, comedor y cocina  PLANTA ALTA 5  habitaciones con ba√±o propio y pasillos, al fondo tiene una casa habitaci√≥n con 3 recamaras con ba√±o y vest√≠bulo. La azotea cuenta con una terraza con vista panor√°mica hacia las casas coloniales, la cual se puede remodelar para poner un restaurante, por el momento se encuentra el √°rea de lavado. Cabe mencionar que cuenta con papeles en regla, es una buena oportunidad de inversi√≥n. (3)",9 mar 2023 - Publicado por REMAX cantera
CASA EN VENTA CON HABITACIONES PARA AIRB&B - (3),Mitula,Locales Comerciales,"Oaxaca, Oaxaca, Oaxaca Centro",[24800000],,[5],[300],[644],"TERRENO CON UN SOLO TIPO DE CONSTRUCCION, DE TIPO TRADICIONAL ANTIGUO Y MODERNO DE CALIDAD MEDIA, CUENTA CON 5 HABITACIONES Y 4 BA√ëOS, CON TECHOS DE LOSAS DE CONCRETO ARMADOCON VARILLAS DE ACERO Y BOVEDAS DE TIPO CATALANA, COLUMNAS DE CONCRETO ARMADO, MUROS DE LADRILLO ROJO RECOCIDO Y DE ADOBE MIXTO CON PIEDRACANTERA Y PEDACERIA DE LADRILLO, REPELLADOS Y PINTADOS CON VINILICA, PISOS CON LOSETA VIDRIADA DE TIPO MODERNO, PUERTAS INTERIORES DE MADERA YDE ANGULOS LIGEROS CON FORROS DE LAMINA LISA Y PROTECCIONES EN VENTANAS DE FIERRO CUADRADO, CON CRISTLES DE 3 MILIMETROS DE ESPESOR, ALGUNOSMUROS DIVISORIOS SON DE TABLARROCA, AZOTEAS IMPERMEABILIZADAS (3)","Hace 3 semanas, 21 horas - Publicado por REMAX cantera"
Se vende casa en Fraccionamiento. - (3),Mitula,Casas En Condominios,"Oaxaca, Oaxaca, Fraccionamiento Villas Montealb√°n",[1290000],[3],[2],[61],[94],"Esta casa cuenta con estacionamiento privado hasta 2 veh√≠culos.En planta baja se encuentra la sala comedor, cocina con barra desayunador, 2 recamaras una de ellas podr√≠a adecuarse a estudio, ba√±o completo y √°rea de servicio.En la segunda planta, recamara  y ba√±o completo. (3)",4 ago 2023 - Publicado por REMAX cantera
CASA COMERCIAL EN VENTA EN JALATLACO - (3),Mitula,Locales Comerciales,"Oaxaca, Oaxaca, Barrio Jalatlaco",[12000000],[3],[1],[268],[268],"Ubicada en el barrio de Jalatlaco, aproveche esta oportunidad de inversi√≥n en una de las zonas m√°s bonitas de la ciudad, la cual, en los √∫ltimos a√±os, ha llegado a ser un destino ideal para inversionistas principalmente del sector de hoteler√≠a y de restaurantes.  Calles empedradas, arquitectura colonial, caf√©s y restaurantes para disfrutar la gastronom√≠a oaxaque√±a. El barrio de Jalatlaco se caracteriza por su gente que vive y celebra las tradiciones oaxaque√±as m√°s emblem√°ticas. Sus calles se llenan de colorido haciendo tributo a cada fiesta local, atrayendo miles de turistas y locales durante todo el a√±o. En este ambiente se encuentra una propiedad antigua, muy caracter√≠stica de la arquitectura y cultura del barrio. Tiene dos puertas con protecciones de herrer√≠a que dan a la calle y a su vez proporcionan el acceso principal a lo que originalmente fue la sala y comedor de la casa. Los muros son de adobe y la altura de los techos mantiene la casa muy fresca. El dise√±o original ha sido conservado en su mayor√≠a durante el transcurso del tiempo. Solo una parte de lo que fue la cocina ha sido modificado; construy√©ndose un nuevo loft que nos da una idea de arquitectura ecl√©ctica que sirva de puente entre lo moderno y lo tradicional. En resumen, esta propiedad presenta una gran oportunidad para inversionistas y arquitectos creativos, para realizar un gran proyecto, en un terreno con superficie de 268 m2, dentro de este hermoso y ancestral barrio. (3)",2 ago 2023 - Publicado por REMAX cantera
VENTA DE CASA AGENCIA DE POLICIA GUADALUPE VICTORIA OAXACA OAXACA,Mitula,Casa,"Macedonio Alcal√° 134, Agencia de Policia Guadalupe Victoria Sector 6, Oaxaca de Ju√°rez, Oaxaca, M√©xico",[510000],[4],[3],[387],[221],"EXCELENTE OPORTUNIDAD DE ADQUIRIR HERMOSACASA A UN ATRACTIVO COSTO Y CON EXCELENTE PLUSVAL√çA.LA MEJOR INVERSI√ìN EN BIENES RA√çCES LA DISTRIBUCI√ìN ES: SALA, COMEDOR, COCINA,4 RECAMARAS AMPLIAS,3.5 BA√ëOS,2 LUGARES DE ESTACIONAMIENTO, CUARTO DE LAVADO. EXCELENTE UBICACI√ìNCERCA DE: CENTROS COMERCIALES, UNIVERSIDADES, ESCUELAS, HOSPITALES, CLINICAS, CAFETERIAS, TIENDAS DE AUTO SERVICIO, BANCOS Y PARQUES ESPECIALISTAS EN RECUPERACI√ìN DE INMUEBLES.",16 may 2023 - Publicado por Kioto-Said Gonz√°lez
VENTA DE CASA EN AMERICA SUR OAXACA OAXACA,Mitula,Casa,"Argentina 311, America Sur, Oaxaca de Ju√°rez, Oaxaca, M√©xico",[715000],[3],[3],[415],[264],"EXCELENTE OPORTUNIDAD DE ADQUIRIR HERMOSACASA A UN ATRACTIVO COSTO Y CON EXCELENTE PLUSVAL√çA.LA MEJOR INVERSI√ìN EN BIENES RA√çCES LA DISTRIBUCI√ìN ES: SALA, COMEDOR, COCINA,3 RECAMARAS AMPLIAS, 3.5 BA√ëOS,2 LUGARES DE ESTACIONAMIENTO, CUARTO DE LAVADO. EXCELENTE UBICACI√ìNCERCA DE: CENTROS COMERCIALES, UNIVERSIDADES, ESCUELAS, HOSPITALES, CLINICAS, CAFETERIAS, TIENDAS DE AUTO SERVICIO, BANCOS Y PARQUES ESPECIALISTAS EN RECUPERACI√ìN DE INMUEBLES.",16 may 2023 - Publicado por Kioto-Said Gonz√°lez
"Se vende local en el mercado Benito Ju√°rez, Oaxaca",Mitula,Locales Comerciales,"Oaxaca, Oaxaca, La Soledad",[1800000],,,[8],,"Venta de local comercial dentro del mercado Benito Ju√°rez Excelente ubicaci√≥n.A unas cuadras del z√≥calo.Acceso al trasporte p√∫blico Escuelas cercanas, bancos, etc.Ideal para Negocio de mezcal , venta de chocolate, art√≠culos para fiesta, artesan√≠a ,queser√≠a, etc. EasyBroker ID: EB-HS0604",19 abr 2023 - Publicado por Hgrie grupo inmobiliario
"Se vende terreno en valle esmeralda, Oaxaca de Juarez",Mitula,Terreno,"Oaxaca, Oaxaca, El Arenal",[2500000],,,,[500],"Venta de terreno en excelente zona de la ciudad de Oaxaca, zona urbanizada, lista para construir una casa habitacional o edificio.Se ubica a 10 min del centro , cuenta con todos los servicios , cadena de tiendas, transporte p√∫blico. EasyBroker ID: EB-IC7880",19 abr 2023 - Publicado por Hgrie grupo inmobiliario
"Casa en Venta, Oaxaca de Ju√°rez, Oaxaca",Mitula,Casa,"Oaxaca, Oaxaca, Oaxaca Centro",[18000000],,,,[323],"Casa en venta a 5 calles del z√≥calo de Oaxaca, uso de suelo mixto protegida por el  INHA .Ideal para hotel  boutique, plaza comercial de artesan√≠as y ropa , oficinas, restaurante.",8 jul 2023 - Publicado por Coldwell Banker Vive
Casa - Oaxaca Centro,Mitula,Casa,"Oaxaca, Oaxaca, Barrio Xochimilco",[27500000],[9],[2],[750],,"Casa colonial catalogada  en el centro de Oaxaca de Ju√°rez, a 6 cuadras del z√≥calo, 9 rec√°maras, sala, comedor, cocina y ante comedor, alberca, corredor con patio central, patio trasero.","Hace 3 d√≠as, 21 horas - Publicado por GBSA INMOBILIARIA"
"VENTA DE CASA EN FRAMBOYANES, OAXACA.",Mitula,Casa,"Trinidad de las Huertas, Oaxaca de Ju√°rez, Oaxaca, M√©xico",[630000],[3],[2],[400],[335],"MAGNIFICA OPORTUNIDAD DE ADQUIRIR BONITA CASA A UN MUY ATRACTIVO COSTO Y CON EXCELENTE PLUSVALIA CASA, LA DISTRIBUCI√ìN ES SALA, COMEDOR, COCINA, CUARTO DE LAVADO, 3 RECAMARAS, 1 BA√ëO, ESTUDIO, 1 LUGAR DE ESTACIONAMIENTO.EXCELENTES VIAS DE ACCESO, ESCUELAS, CENTROS COMERCIALES, BANCOS. ADQUIERE PROPIEDAD CON UN DESCUENTO DEL 50 AL 70% DE SU VALOR COMERCIAL, SU INVERSI√ìN 100% SEGURA, ENTREGA GARANTIZADAMAYOR INFORMES CON LIC. FERNANDO LOZADA 55,70,64,64,24.","Hace 1 semana, 2 d√≠as - Publicado por Peza Constructora e Inmobiliaria S.A de C.V Lic. Fernando Lozada"
"Venta de Casa en Col. Centro, Oaxaca",Mitula,Casa,"Manuel Sabino Crespo, Oaxaca de Ju√°rez, Oaxaca, M√©xico",[427700],[5],[3],[270],[270],"Con esta hermosa propiedad tienes una extraordinaria oportunidad de incrementar tu patrimonio; ubicada muy cerca de ICJ Posgrados SC, Museo de Sitio ""Casa Ju√°rez"" y Neurolog√≠a Cl√≠nica y Diagn√≥stica; su ubicaci√≥n le permite acceder a distintos centros comerciales, escuelas, restaurantes y hospitales...La propiedad cuenta con sala, comedor, cocina integral, 5 recamaras, 3 ba√±os y 2 lugares de estacionamiento.LA COMPRA DEBE SER CON RECURSOS PROPIOS.NO SE ACEPTAN CR√âDITOS.Gestionamos todos los tr√°mites legales; desde la firma del contrato, hasta la entrega de la propiedad. No es necesario que el comprador se involucre o invierta tiempo y dinero.","Hace 1 semana, 5 d√≠as - Publicado por GPS DECAFHE - Natalia Aguilar"
EN VENTA AMPLIA CASA EN VOLCANES OAXACA,Mitula,Casa,"Oaxaca, Oaxaca, Volcanes",[3300000],[3],[1],,,"üè° *SE VENDE AMPLIA CASA EN VOLCANES ZONA NORTE* üè°*$ 3,300,000*Planta Baja :üîπAmplia Sala üîπ√Årea de Comedor üîπ√Årea de Cocina üîπMedi√≥ Ba√±oüîπ√Årea de Servicio üîπCochera para dos veh√≠culosPlanta Alta üîπ 3 Amplias recamaras, una de ellas cuenta con peque√±a Terrazaüîπ Ba√±o completoüî∏Cuenta con todos los serviciosüî∏ A una cuadra la calle Principalüî∏Libre de Gravamen","Hace 1 semana, 2 d√≠as - Publicado por Bienes Ra√≠ces Oaxaca"
HERMOSA CASA EN VOLCANES COLINDA CON SAN FELIPE,Mitula,Casa,"Volcanes, Oaxaca de Ju√°rez, Oaxaca, M√©xico",[7100000],[3],[4],[300],,"CASA EN COL VOLCANES COLINDA CON SAN FELIPE DEL AGUAExcelente ubicaci√≥n y super equipada.-AMPLIO TERRENO DE 300 M¬≤ DE CALLE A CALLE, FUNCIONAL -CONSTRUCCI√ìN DE 180M¬≤, -CONSTRUIDA EN DOS NIVELES -SUPER EQUIPADA, CON TODOS LOS SERVICIOS (AGUA, LUZ, DRENAJE, INTERNET) AGUA DIARIO, CISTERNA 10,000 LTS, COCHERA PARA 4 AUTOS, ACCESO POR DOS CALLES (al frente y por la calle trasera), BARDA PERIMETRAL, PUERTA PEATONAL Y PORTON , JARDIN FRONTAL Y  MUY AMPLIO JARDIN TRASERO HASTA CON CASA PARA EL  PERRO.-EN PLANTA BAJA CUENTA CON: RECIBIDOR, SALA AMPLIA, COCINA INTEGRAL CON DESAYUNADOR, AMPLIO COMEDOR, TERRAZA O CORREDOR TECHADO, BA√ëO DE VISITAS,  AREA DE LAVADO, CUARTO DE SERVICIO CON BA√ëO COMPLETO.-EN PLANTA ALTA : 3 RECAMARAS CON CLOSETS,  LA PRINCIPAL CON BA√ëO, 1  BA√ëO COMPARTIDO, SALA DE TV -EXTRAS: 3 TINACOS DE 1100 LTS, 2 LOCALES COMERCIALES INDEPENDIENTES Y DOS PEQUE√ëAS BODEGAS PROPIEDAD DEFINITIVA $7,100,000",26 may 2023 - Publicado por Bienes Ra√≠ces Oaxaca
CASA DE 3 NIVELES EN VENTA EN EJIDO GUADALUPE VICTORIA,Mitula,Casa,"Oaxaca, Oaxaca, Ejido Guadalupe Victoria",[5300000],[3],[4],[413],[161],"üî∞AMPLIA CASA EN VENTA EN EXCELENTE UBICACI√ìN A 5 MINUTOS DE LA IGLESIA DE SAN FELIPE.CARACTERISTICAS:$5,300,000‚ñ™Ô∏èTERRENO: 161 M2‚ñ™Ô∏èCONSTRUCCION: 413 M2PRIMER NIVEL‚ô¶Ô∏èESTACIONAMIENTO TECHADO PARA 2 AUTOS‚ô¶Ô∏èESTANCIASEGUNDO NIVEL‚ô¶Ô∏èAMPLIA E ILUMINADA AREA DE SALA COMEDOR‚ô¶Ô∏èAMPLIA COCINA EQUIPADA‚ô¶Ô∏èMEDIO BA√ëO‚ô¶Ô∏èPATIO DE SERVICIO‚ô¶Ô∏èCUARTO DE SERVICIO CON BA√ëO COMPLETO‚ô¶Ô∏èCUBO DE LUZ NATURALTERCER NIVEL‚ô¶Ô∏èAMPLIA RECAMARA PRICIPAL CON BA√ëO COMPLETO, VESTIDOR Y CLIMA‚ô¶Ô∏è2 RECAMARAS SECUNDARIAS CON CLOSET,  BA√ëO COMPLETO Y CLIMA‚ô¶Ô∏èESTUDIO",22 may 2023 - Publicado por Bienes Ra√≠ces Oaxaca
SE VENDE CASA EN LA COLONIA LIBERTAD - (3),Mitula,Casa,"Oaxaca, Oaxaca, Ejido Guadalupe Victoria",[2750000],[5],[3],[103],[109],"Se vende propiedad para inversionistas, con ubicaci√≥n estrat√©gica, muy cerca de la Central de Abastos y el Centro de la ciudad, lista para habitar o ideal para cualquier negocio. (3)",12 jul 2023 - Publicado por REMAX cantera
CASA EN VENTA EN LA REFORMA - (3),Mitula,Casa,"Oaxaca, Oaxaca, D√≠az Ordaz",[4500000],[2],[2],[140],[161],"EN UNA DE LAS CALLES MAS TRANQUILAS DE LA REFORMA SE ENCUENTRA ESTA CASA CON TODOS LOS SERVICIOS CERCA, ESTA CASA CUENTA CON UN PATIO PARA PASAR UNOS GRATOS MOMENTOS CON LA FAMILIA (3)",13 jun 2023 - Publicado por REMAX cantera
CASA EN VENTA CON LOCALES COMERCIALES  - (3),Mitula,Casa,"Oaxaca, Oaxaca, Oaxaca Centro",[20450000],[5],[4],[407],[545],"CASA HABITACION CON DISTRIBUIDOR, DESAYUNADOR, SALA COMEDOR,COCINA, TRES RECAMARAS, BA√ëO COMPLETO, CUARTO DE LAVADO Y PLANCHADO,CORREDORES Y PATIO, Y AL FONDO UN DEPARTAMENTO CON SALA COMEDORCOCINA Y DOS RECAMARASTIENE 2 LOCALES COMERCIALES (3)","Hace 3 semanas, 21 horas - Publicado por REMAX cantera"
CASA EN VENTA EN SAN FELIPE - (3),Mitula,Casa,"Oaxaca, Oaxaca, Barrio La Chigulera",[4500000],[3],[2],[141],[205],Hermosa casa habitacional en una zona exclusiva de San Felipe ideal para salir hacer ejercicio hacia las monta√±as (3),3 jun 2023 - Publicado por REMAX cantera
CASA EN EL CENTRO DE OAXACA - (3),Mitula,Casa,"Oaxaca, Oaxaca, Estrella",[35000000],[10],[4],[583],[395],"PRECIOSA CASA EN EL CENTRO DE OAXACA EN PERFECTAS CONDICIONES, CON MUCHA HISTORIA, DONDE VIVIO EL GENERAL GARCIA VIGIL (3)",24 abr 2023 - Publicado por REMAX cantera
HERMOSA CASA A UNOS MINUTOS DEL CENTRO DE OAXACA,Mitula,Casa,"Macedonio Alcal√° 134, Agencia de Policia Guadalupe Victoria Sector 6, Oaxaca de Ju√°rez, Oaxaca, M√©xico",[1239000],[4],[3],[380],[220],"CASA CON EXCELENTE DISE√ëO, RODEADA DE TODOS LOS SERVICIOS. CERCANA A ESCUELAS Y EN UNA BUENA ZONA.","Hace 2 semanas, 4 d√≠as - Publicado por Ejecutivos hipotecarios - ISRA DOMINGUEZ"
CASA EN VENTA PAJARITOS BARRIO DE JALATLACO OAXACA DE JUAREZ,Mitula,Casa,"Pajaritos, Barrio de Jalatlaco, Oaxaca de Ju√°rez, Oaxaca, M√©xico",[695000],,,,,"UNICA OPORTUNIDAD DE ADQUIRIR HERMOSA CASA CON EXCELENTE UBICACI√ìN DENTRO DE COLONIA BARRIO DE JALATLACO, CUENTA CON VIAS PRINCIALES, UBICADO CERCA DE PARQUES, ESCUELAS, BANCOS Y FARMACIAS. EL INMUEBLE CUENTA CON UNA ESTANCIA COMODA, COCINA INTEGRAL, 3 RECAMARAS, 2.5 BA√ëOS, 2 LUGARES DE ESTACIONAMIENTO.",27 jul 2023 - Publicado por Kioto-Alejandro Pe√±a
VENTA DE CASA EN OAXACA,Mitula,Casa,"Xicot√©ncatl, Zona Feb 10 2015, Barrio de la Noria, Oaxaca de Ju√°rez, Oaxaca, M√©xico",[790000],[3],[2],[250],[113],"MAGNIFICA OPORTUNIDAD DE ADQUIRIR BONITA CASA CON EXCELENTE PLUSVALIA. LA DISTRIBUCION ES SALA, COMEDOR, COCINA, CUARTO DE LAVADO, 3 RECAMARAS, 2.5 BA√ëOS, 1 LUGAR DE ESTACIONAMIENTO Y AMPLIO JARDIN PRIVADO. EXCELENTES VIAS DE ACCESO PERIFERICO, EDUARDO MATA, HOTELES, CENTROS COMERCIALES, CERCANA A SUPERMERCADOS, ZONA DE BANCOS, PARQUES, ESCUELAS, FARMACIAS, TIENDAS, ETC.",27 jul 2023 - Publicado por Kioto-Montserrat Celis
CASA E OAXACA,Mitula,Casa,"Huerto Los Framboyanes 102, Universidad, Trinidad de las Huertas, Oaxaca de Ju√°rez, Oaxaca, M√©xico",[899000],[3],[2],[180],[180],"¬°¬°Gran Venta Especial!!Obt√©n tu nuevo patrimonio familiar con una ubicaci√≥n privilegiada, rodeada por las principales v√≠as de comunicaci√≥n, medios de transporte, mercados, centros comerciales, escuelas, bancos, hospitales, zonas de recreaci√≥n y localidades de importancia como: Hospital Diana, Gimnasio Universitario.Tambi√©n Avenidas conocidas como: Av. Oaxaca, Av. Universidad.   ‚Ä¢Solo Capital Propio‚Ä¢Agenda tu cita y conoce m√°s detalles de TU NUEVA CASA",23 jun 2023 - Publicado por Ejecutivos hipotecarios - CARLOS GUTIERREZ
CASA EN VENTA EN LA COLONIA REFORMA - (3),Mitula,Casa,"Oaxaca, Oaxaca, Reforma",[8900000],[5],[4],[378],[270],"Magnifica oportunidad de inversi√≥n, en unos de los sectores m√°s cotizados de la ciudad de Oaxaca, casa en venta con uso de suelo Mixto, cuenta con aval√∫o,  planos estructurales, planos arquitect√≥nicos, y dictamen de seguridad estructural con conclusi√≥n de que NO PRESENTA DA√ëOS. (3)",10 mar 2023 - Publicado por REMAX cantera
Casa en Obra Negra - (3),Mitula,Casa,"Oaxaca, Oaxaca, L√°zaro C√°rdenas 1ra Secc",[2975000],[4],[4],[600],[240],"Casa en Obra Negra en Venta.  Con 600 metros de construcci√≥n y 240 metros de terreno. La propiedad se vende tal cual se muestran las fotos, para elegir los acabados y distribuci√≥n que desees en tu nueva casa. El proyecto est√° conformado de la siguiente manera.  Planta baja: cochera, sala comedor, cocina,  1/2 ba√±o y cisterna.Planta  alta: 4  habitaciones, 4 ba√±os y una sala de estar.Rooftop: Terraza de descanso, convivencia y cuarto de servicio.Propiedad Ejidal. (3)",10 jun 2023 - Publicado por REMAX cantera
CASA EN VENTA CERCA DEL PARQUE EL LLANO OAXACA - (3),Mitula,Casa,"Oaxaca, Oaxaca, El Pilar",[10800000],[5],[3],[250],[208],"PROPIEDAD CON UNA UBICACION IDEAL PARA CUALQUIER TIPO DE NEGOCIO YA QUE SE ENCUENTRA ENFRENTE DE LA IGLESIA DE GUADALUPE Y A UNOS PASOS DEL LLANO  DENTRO DE UNA PRIVADA EN ESQUINA, CUENTA CON TRES FRENTES UNO SOBRE LA CALLE PINO SUAREZ CON 8 METROS, OTRO SOBRE LA PRIVADA PINO SUAREZ CON 26 METROS Y EL OTRO CON PRIVADA CON LICENCIADO DE LA VERDAD CON 8 METROS EN TOTAL 208 M2CUENTA CON UN LOCAL COMERCIAL QUE DA HACIA LA CALLE PINO SUAREZEN EL INTERIOR DE LA PROPIEDAD CUENTA CON SALA COMEDOR, COCINA,  3 1/2 BA√ëOS,  (3)",5 may 2023 - Publicado por REMAX cantera
CASA EN EL EX-MARQUESADO SOBRE AV. PRINCIPAL - (3),Mitula,Casa,"Oaxaca, Oaxaca, Oaxaca Centro",[12500000],[7],[5],[340],[418],"Hermosa casa catalogada estilo colonial en el barrio del Exmarquesado, la propiedad cuenta con patio central, 3 recamaras, 3 ba√±os, cocina, comedor y √°rea de servicios, con dos amplios locales comerciales (40m2 y 20m2) y dos departamentos con entrada independiente de 2 recamaras cada uno, ideal para diferentes giros de inversi√≥n, ubicada en Avenida importante que le otorga gran conectividad con la ciudad y el centro hist√≥rico de Oaxaca. (3)",1 abr 2023 - Publicado por REMAX cantera
"ATENCION INVERSIONITAS PROPIEDAD EN VENTA CERCA DE UNIVERSIDADES, OAXACA JUAREZ",Mitula,Edificio,"Calle √Åmbar 201, Bugambilias, Oaxaca, 68013, MEX",[2900000],,,,,"¬°¬° EXCELENTE CASA PARA NEGOCIO!! ¬°¬°EN LA COL. VISTA HERMOSA,OAXACA !! Solo 10 minutos del centro de la ciudad Cerca de las universidades El Golfo, IUO. Secundarias, primarias, etc. Entrando por la proveedora escolar, cerca del oxxo de la col. del maestro Propiedad en venta ideal para renta de cuartos Rejimen: Propiedad definitiva. Superficie total : 400 m2 Descripcion: 1ra planta 7 cuartos 4 con ba√±o compartido,3 con ba√±o propio 2da planta 5 cuartos con ba√±o compartido y terrazaa 3ra planta 2 cuartos amplios, uno con ba√±o y area de lavado Cuenta con 4 tinacos mas 2 cisternas de 5000mls y de 10000mls SERVICIOS: Agua, luz y drenaje conectados, internet servicio aparte Espacio para Cochera 3veh√≠culos $2.900,000 se aceptan ofertas",20 abr 2023 - Publicado por AGENTES DE BIENES INMUEBLES OAXACA
ATENCION INVERSIONISTAS - (3),Mitula,Casa,"Oaxaca, Oaxaca, Benito Ju√°rez",[13000000],[1],[1],[890],[1225],"Atenci√≥n inversionistasRemax Cantera propone casa en venta, la cual se encuentra en una excelente ubicaci√≥n, a media cuadra de la Carretera Internacional, en Pueblo Nuevo Oaxaca, cerca del crucero comercial de Viguera, rodeada de centros comerciales: farmacias del ahorro, Coppel, Miniabastos, escuelas, plantel educativo COBAO. A 20 minutos de la ciudad de Oaxaca, en autom√≥vil.Esta propiedad se compone de un edificio de dos niveles utilizado para casa habitaci√≥n, y otro edificio con habitaciones con ba√±o para renta.Casa principal, cuenta con: sala, comedor, dos cocinas, una de ellas es cocina tradicional y la otra cuenta con cocina integral en renovaci√≥n, 10 rec√°maras, la recamara principal cuenta con ba√±o incluido, y las otras 9 rec√°maras comparten 4 ba√±os.Rec√°maras y departamento para renta:  cuenta con 10 rec√°maras con ba√±o integrado, 4 recamaras con ba√±o compartido. Adem√°s, cuenta con un departamento de 2 rec√°maras, sala, comedor, cocina, 1 ba√±o y patio de servicio. Cuenta con un sal√≥n de eventos especiales, con todos los servicios. √Årea arbolada y gran jard√≠n, excelente para hotel, restaurante, oficinas.Cuenta con todos los servicios: agua potable, cisterna, energ√≠a el√©ctrica, drenaje. Calles pavimentadas.R√©gimen ejidal. (3)",31 jul 2023 - Publicado por REMAX cantera
PROPIEDAD CON 6 DEPARTAMENTOS Y CASA - (3),Mitula,Casa,"Oaxaca, Oaxaca, Reforma",[30000000],[10],[10],[760],[839],"PROPIEDAD MUY BIEN UBICADA CON 6 DEPARTAMENTOS Y CASA, IDEAL PARA INVERSIONISTAS PREDIO CONSTRUIDO EN CUATRO BLOQUES, 1.-) UN EDIFICIO DE TRES NIVELES QUE TIENE EN PLANTA BAJA COCHERA Y LOS DOS NIVELES SUPERIORES UNOSDEPARTAMENTOS QUE CONSTAN DE UNA SALA, COMEDOR, COCINETA, UNA RECAMARA Y UN BA√ëO COMPLETO, 2.-)CASA HABITACION EN UN SOLO NIVEL QUECONSTA DE ACCESO DE LA CALLE, RECIBIDOR, SALA FAMILIAR, COMEDOR, COCINA, PASILLO DISTRUBUIDOR, MEDIO BA√ëO DE VISITAS, TRES RECAMARAS , UNBA√ëO COMPLETO, RECAMARA PRINCIPAL CON BA√ëO COMPLETO Y VESTIDOR, TERRAZA CUBIERTA Y AREAS DE JARDIN. 3.-) DEPARTAMENTOS DE UNA SOLARECAMARA CONSTRUIDOS EN DOS NIVELES CON ESTANCIA-COMEDOR,COCINA, ESCALERAS Y EN PLANTA ALTA UNA RECAMARA CON BA√ëO COMPLETO. Y 4.-)DEPARTAMENTOS DE DOS RECAMARAS EN DOS NIVELES, Y CONSTAN EN PLANTA BAJA ESTANCIA, COMEDOR, COCINA, MEDIO BA√ëO ESCALERAS Y EN PLANTAALTA DOS RECAMARAS CON AREAS DE CLOSETS Y UN BA√ëO COMPLETO.ES UNA CONSTRUCCION DE TIPO TRADICIONAL, SE SUPONE CON CIMENTACIONES DE PIEDRA CANTERA Y CON ZAPATAS DE CONCRETO AISLADAS ARMADAS CONVARILLAS DE ACERO, MUROS DE LADRILLO ROJO RECOCIDO DE 14 CMS DE ESPESOR REPELLADOS Y PINTADOS, REFORZADOS CON CADENAS Y CASTILLOS DECONCRETO ARMADO, TECHOS DE LOSA DE CONCRETO ARMADO DE 12 CMS DE ESP. ARMADO CON VARILLAS DE 1/2"" y 3/8"" EN CLAROS LARGOS Y MEDIANOS,PISOS CON LOSETA VIDRIADA DE BUENA CALIDAD, ACABADO EN MUROS CON MEZCLA DE CEMENTO CAL ARENA CON ACABADO FINO Y YESO LISO, PINTADOSCON VINILICA, PLAFONES CON PINTURA VINILICA Y YESO LISO, PUERTAS DE INTERCOMUNICACION DE TAMBOR DE MADERA Y DE ANGULOS LIGEROS CONFORRO DE LAMINA, VENTANERIA DE ALUMINIO ANODIZADO, INSTALACIONES ELECTRICAS COMPLETAS Y OCULTAS POR PLAFON Y MUROS EN MANGERAPOLIDUCTO, INSTALACIONES SANITARIAS COMPLETAS Y OCULTAS, MUEBLES DE BA√ëOS PORCELANIZADOS DE COLOR, REGISTROS REGLAMENTARIOS, AZOTEASCON EMULSION ASFALTICA Y TEJA, TINACOS DE TIPO ROTOPLAS, BARDAS COLINDANTES REPELLADAS CON MORTERO ACABADO RUSTICO Y PORTONES DEACCESO DE MADERA CON HERRAJES METALICO (3)","Hace 2 semanas, 3 d√≠as - Publicado por REMAX cantera"
Casa en Venta en la Colonia Volcanes - (3),Mitula,Casa,"Oaxaca, Oaxaca, Volcanes",[7400000],[6],[4],[350],[366],"Propiedad en la colonia Volcanes, Oaxaca, cuenta con seis habitaciones, todas equipadas con cl√≥set para mayor comodidad. Adem√°s, cuenta con cocina integral, una terraza para disfrutar al aire libre, un cuarto de televisi√≥n para momentos de entretenimiento y un pr√°ctico cuarto de lavado. Los cuatro ba√±os completos aseguran que haya suficiente espacio para todos los residentes. Y para aquellos que poseen varios autos, el estacionamiento tiene capacidad para cinco veh√≠culos, es una ventaja adicional. Una vivienda ideal para una familia numerosa o aquellos que buscan mucho espacio y comodidades en su hogar.Adem√°s de sus amplias comodidades, esta casa en la colonia Volcanes, Oaxaca, tambi√©n representa una magn√≠fica oportunidad para desarrolladores. Su terreno y ubicaci√≥n estrat√©gica son ideales para construir un edificio de departamentos habitacionales. Con la demanda de viviendas en la zona, este proyecto podr√≠a ofrecer una excelente inversi√≥n y proporcionar espacios modernos y funcionales para futuros residentes. Una propuesta atractiva para aquellos interesados en el desarrollo inmobiliario y maximizar el potencial de este valioso terreno.  (3)",1 jun 2023 - Publicado por REMAX cantera
TERRENO EN VENTA EN OAXACA,Mitula,Terreno,"Loma Linda, Oaxaca de Ju√°rez, Oaxaca, M√©xico",[3350000],,,,[600],"TERRENO EN LA COLONIA LOMA LINDA, OAXACA DE JU√ÅREZ, POR SU UBICACI√ìN TIENE UNA VISTA PANOR√ÅMICA DE 180 ¬∞. IDEAL PARA INVERTIR, HACER LA CASA DE TUS SUE√ëOS O UN PROYECTO INMOBILIARIO, LA ZONA ES MUY TRANQUILA. UBICADO A 10 METROS CON LA CARRETERA A MICROONDAS. TIENDA DE AUTOSERVICIO CERCANA.",6 jul 2023 - Publicado por CONCEPTO EN BIENES RAICES
EN VENTA AMPLIA CASA EN VOLCANES,Mitula,Casa,"Oaxaca, Oaxaca, Volcanes",[3300000],[3],[1],,,"üè° *SE VENDE AMPLIA CASA EN VOLCANES ZONA NORTE* üè°*$ 3,300,000*Planta Baja :üîπAmplia Sala üîπ√Årea de Comedor üîπ√Årea de Cocina üîπMedi√≥ Ba√±oüîπ√Årea de Servicio üîπCochera para dos veh√≠culosPlanta Alta üîπ 3 Amplias recamaras, una de ellas cuenta con peque√±a Terrazaüîπ Ba√±o completoüî∏Cuenta con todos los serviciosüî∏ A una cuadra la calle Principalüî∏Libre de Gravamen","Hace 1 semana, 2 d√≠as - Publicado por Fiabilidad e Inversion en Bienes Ra√≠ces"
Se vende casa a tan solo 5 minutos del centro,Mitula,Casa,"Oaxaca, Oaxaca, Lomas de Santa Rosa",[8500000],[9],[7],[349],[256],"INMUEBLE APROPIADO PARA HOTEL BOUTIQUE U OFICINAS, A TAN SOLO CINCO MINUTOS DEL CENTRO HIST√ìRICO DE OAXACA, FRENTE AL ESTACIONAMIENTO GUELAGUETZA, A 3 MINUTOS DEL MERCADO S√ÅNCHEZ PASCUAS Y DE LA UNIVERSIDAD VASCONCELOS, CISTERNA DE 10,000 LTS. LLAME PARA UNA CITA!!! ASESOR INMOBILIARIO LIC. JOS√â MILL√ÅN*Para ver completas las fotograf√≠as de clik sobre ellas para que se muestren a traves de un visor. EasyBroker ID: 79551",19 abr 2023 - Publicado por Hgrie grupo inmobiliario
CASA DE UN NIVEL EN VENTA EN EL CENTRO DE OAXACA,Mitula,Casa,"Oaxaca, Oaxaca, Oaxaca Centro",[7499000],[2],[1],,,"üè°Hermosa Casa de un solo nivel en el Centro de la ciudad de Oaxacaüè°üìçLa casa se encuentra en privada$7,499,000‚úÖCaracter√≠sticas:üîπSala .üîπComedor .üîπCocina equipada  y alacena .üîπ2 recamaras con closet la principal cuenta con Instalaci√≥n para aire acondicionado.üîπ1 ba√±o completo .üîπCloset de blancos .üîπCuarto de servicio .üîπ1/2 ba√±o en el exterior con una peque√±a bodega .üîπCuenta con una bonita fuente en el patio. üîπHermoso corredor que extiende √©l comedor.‚ô¶Ô∏èNo cuenta con cochera ‚ô¶Ô∏èüè°Medidas: 11 x 16","Hace 1 semana, 6 d√≠as - Publicado por Fiabilidad e Inversion en Bienes Ra√≠ces"
CASA EN VENTA CERCA DE PLAZA DEL VALLE CON HABITACION EN PLANTA BAJA,Mitula,Casa,"Oaxaca, Oaxaca, Agencia de Polic√≠a de Candiani",[5299000],[6],[3],,,"üí¢CASA EN VENTA EN UN FRACCIONAMIENTO EXCLUSIVO CERCA DE PLAZA DEL VALLEüí¢$5,299,000 üìåùóñùóîùó•ùóîùóñùóßùóòùó•ùóúùó¶ùóßùóúùóñùóîùó¶:‚ûñùôãùôáùòºùôâùôèùòº ùòΩùòºùôÖùòº‚úÖ Sala‚úÖ Comedor‚úÖ Cocina‚úÖ Ba√±o ‚úÖ 2 habitaciones‚úÖ Patio de Servicio‚úÖ Cochera para 2 autos‚úÖ Cisterna con Bomba‚úÖ Jardin‚úÖ √Årea de lavado‚úÖ port√≥n El√©ctrico‚ûñ PLANTA ALTA‚úÖ Rec√°mara Principal con closet, ba√±o Completo y balc√≥n‚úÖ 2 Habitaciones adicionales con closet‚úÖ Habitaci√≥n con closet y terraza‚úÖ 1 Ba√±o completo compartidoInformaci√≥n complementaria‚úÖ Superficie terreno: 200 m2‚úÖ Fraccionamiento privado‚úÖ Vigilancia las 24 horas‚úÖ Control de acceso al fraccionamiento‚úÖ√Årea recreativa","Hace 1 semana, 6 d√≠as - Publicado por Fiabilidad e Inversion en Bienes Ra√≠ces"
CASA EN VENTA EN EL CENTRO DE OAXACA,Mitula,Casa,"Oaxaca, Oaxaca, Oaxaca Centro",[19500000],[15],[11],,[602],"üí¢Se Vende Casa en el Centro de Oaxacaüí¢üîπ$19,500,000üîπCuenta con 602 m2Tiene dos accesos a la vivienda sobre la calle principal y por la privada(pas√≥ de servidumbre)üî∞Cuenta con lo siguiente:‚ñ™Ô∏è2 locales comerciales ‚ñ™Ô∏è15 cuartos ‚ñ™Ô∏è2 Patios‚ñ™Ô∏èCisterna de 10,000 lts‚ñ™Ô∏èPozo de agua ‚ñ™Ô∏è2 peque√±os departamentos con ba√±o propio.‚ñ™Ô∏è11 Ba√±os","Hace 1 semana, 6 d√≠as - Publicado por Fiabilidad e Inversion en Bienes Ra√≠ces"
EN VENTA CASA DE UN NIVEL EN VISTA HERMOSA COL. DEL MAESTRO,Mitula,Casa,"Oaxaca, Oaxaca, Del Maestro",[1399000],[4],[2],,[179],"üè°SE VENDE CASA EN COLONIA VISTA HERMOSA üè°Col. del Maestro üîπTERRENO 179 m2Caracter√≠sticas:üîπCasa de un nivelüî∞Techo de material‚ñ™Ô∏èCochera techada para 1 auto ‚ñ™Ô∏è2 cuartos ‚ñ™Ô∏è1 Ba√±osüî∞Techo de l√°mina ‚ñ™Ô∏èSala‚ñ™Ô∏èComedor‚ñ™Ô∏èCocina ‚ñ™Ô∏è1 ba√±o‚ñ™Ô∏è2 cuartos üî∞Patioüî∞Jardineraüî∞Escaleras de material para acceder a la azoteaüî∞Cuenta con todos los serviciosüî∞Cerca de escuelas y la universidad el Golfo$1,399,000‚ô¶Ô∏èPag√≥ de contado","Hace 1 semana, 6 d√≠as - Publicado por Fiabilidad e Inversion en Bienes Ra√≠ces"
CASA EN VENTA EN LA COLONIA LA CASCADA,Mitula,Casa,"Oaxaca, Oaxaca, La Cascada",[4750000],[3],[3],,[239],"üîπHERMOSA CASA EN VENTA EN COLONIA LA CASCADA üîπüìå(Excelente ubicaci√≥n)BIENVENIDOS LOS CREDITOSüîó239 M2Caracter√≠sticasüî∏Planta baja:  ‚ñ™Ô∏èGarage para un auto  ‚ñ™Ô∏èCuarto de servicio  ‚ñ™Ô∏èSala  ‚ñ™Ô∏èComedor  ‚ñ™Ô∏èCocina  ‚ñ™Ô∏èEstudio  ‚ñ™Ô∏èMedio ba√±o  ‚ñ™Ô∏èPatio traseroüî∏Plata Alta:  ‚ñ™Ô∏è1 Rec√°mara principal con Closet/vestidor y ba√±o  ‚ñ™Ô∏è2 rec√°maras secundarias  ‚ñ™Ô∏è1 ba√±o completo  ‚ñ™Ô∏èCerca electrificada  ‚ñ™Ô∏èC√°maras de seguridad  ‚ñ™Ô∏èTanque estacionario  ‚ñ™Ô∏èCisterna de 8,000 lt  üîñ$ 4,750,000Aprovecha esta oportunidad en zona de Alta Plusval√≠a","Hace 1 semana, 6 d√≠as - Publicado por Fiabilidad e Inversion en Bienes Ra√≠ces"
AMPLIA CASA EN VENTA A 5 MINUTOS DE LA IGLESIA DESAN FELIPE,Mitula,Casa,"Oaxaca, Oaxaca, Ejido Guadalupe Victoria",[5300000],[3],[4],[413],[161],"üî∞AMPLIA CASA EN VENTA EN EXCELENTE UBICACI√ìN A 5 MINUTOS DE LA IGLESIA DE SAN FELIPE.CARACTERISTICAS:$5,300,000‚ñ™Ô∏èTERRENO: 161 M2‚ñ™Ô∏èCONSTRUCCION: 413 M2PRIMER NIVEL‚ô¶Ô∏èESTACIONAMIENTO TECHADO PARA 2 AUTOS‚ô¶Ô∏èESTANCIASEGUNDO NIVEL‚ô¶Ô∏èAMPLIA E ILUMINADA AREA DE SALA COMEDOR‚ô¶Ô∏èAMPLIA COCINA EQUIPADA‚ô¶Ô∏èMEDIO BA√ëO‚ô¶Ô∏èPATIO DE SERVICIO‚ô¶Ô∏èCUARTO DE SERVICIO CON BA√ëO COMPLETO‚ô¶Ô∏èCUBO DE LUZ NATURALTERCER NIVEL‚ô¶Ô∏èAMPLIA RECAMARA PRICIPAL CON BA√ëO COMPLETO, VESTIDOR Y CLIMA‚ô¶Ô∏è2 RECAMARAS SECUNDARIAS CON CLOSET,  BA√ëO COMPLETO Y CLIMA‚ô¶Ô∏èESTUDIO","Hace 1 semana, 5 d√≠as - Publicado por Fiabilidad e Inversion en Bienes Ra√≠ces"
CASA EN VENTA EN LOMAS DE SIERRA JUAREZ HUAYAPAM,Mitula,Casa,"Oaxaca, San Andr√©s Huay√°pam, Lomas de Sierra Ju√°rez 2da Secc",[4500000],[4],[2],[180],[200],"üè°SE VENDE CASA CON 1 REC√ÅMARA EN PLANTA BAJA EN EL FRACCIONAMIENTO LOMAS DE SIERRA JU√ÅREZüè°‚ñ™Ô∏èTERRENO: 200 m2‚ñ™Ô∏èCONSTRUCCI√ìN: 180 m2$ 4,500,000üî∏Caracter√≠sticasPlanta Baja:üîπEstacionamiento para 3 autos con port√≥n el√©ctrico üîπAmplia Sala y ComedorüîπCocina Integral Equipada (gas estacionario)üîπMedio Ba√±oüîπ1 Rec√°mara o estudioüîπCisterna de 10,000 Lt.üîπPatio trasero con fuente de Cantera üîπArea de LavadoPlanta Alta:üîπSala de TV con balc√≥nüîπRecamara principal con ba√±o y closetüîπ2 Amplias recamaras con closetüîπBa√±oüîπCuarto de servicio con ba√±o en azotea","Hace 1 semana, 6 d√≠as - Publicado por Fiabilidad e Inversion en Bienes Ra√≠ces"
EN VENTA AMPLIA CASA CERCA DE LA UNIVERSIDAD LASALLE ZONA NORTE CON ALBERCA,Mitula,Casa,"Oaxaca, Oaxaca, Ejido Guadalupe Victoria",[8800000],[3],[3],[342],[210],"üí¢SE VENDE CASA  CERCA DE LA UNIVERSIDAD LA SALLE, EN  EJIDO GUADALUPE VICTORIA.üí¢‚úÖ$8,800,000‚ñ™Ô∏èTerreno: 210.88 m2‚ñ™Ô∏èConstrucci√≥n: 342.52 m2*Caracter√≠sticas**Primer Nivel*:üîπCochera techada para 3 veh√≠culos con port√≥n el√©ctricoüîπRecibidor con ba√±o para visitasüîπMini Bar con aire acondicionado üîπJardinera con una mini bodegaüîπ Sala -ComedorüîπAmplia cocina equipada üîπAlacenaüîπTerraza con Alberca climatizada *Segundo Nivel:*üîπ1 Rec√°mara con Vestidor , Ba√±o completo con canceleria de vidrio templado y aire acondicionado üîπ1 Rec√°mara con amplio closet , ba√±o completo con canceleria y aire acondicionado *Tercer Nivel:*üîπ Amplia Recamara Principal con aire acondicionado, terraza , lavabo doble, ba√±o, Amplio vestidor y vapor.üîπCuarto de lavado üîπCloset de blancos Azotea:üîπTecho completamente con losetaüîπCalentadorüîπ Hidroneum√°tico*Adicionales*:üî∏Cuarto de m√°quinas para la alberca üî∏Cerca El√©ctricaüî∏Alarmaüî∏ Video portero üî∏Cisterna de 20,000 ltsüî∏Todas las ventanas cuentan con mosquiteros y cortinas black out.","Hace 1 semana, 5 d√≠as - Publicado por Fiabilidad e Inversion en Bienes Ra√≠ces"
SE VENDE TERRENO CON CONSTRUCCI√ìN - (3),Mitula,Locales Comerciales,"Oaxaca, Oaxaca, Oaxaca Centro",[14000000],,,[1],[754],"Excelente oportunidad de inversi√≥n, se vende terreno con construcci√≥n, muy cerca de la central de abastos y perif√©rico, con una superficie de 774.54 m2 de terreno y 269.90 m2 de construcci√≥n, cuenta con 4 Cuartos, 2 ba√±os independientes, 2 locales comerciales sobre la calle de Nu√±o de Mercado ideal para construir Bodega, Cuartos para arrendar, Casa Habitaci√≥n, Departamentos, Hotel, etc.Escritura preventiva, admite negociaci√≥n de propuestas para la compra (3)","Hace 1 semana, 22 horas - Publicado por REMAX cantera"
OAXACA CASA EN REMATE!!!!,Mitula,Casa,"Huerto Los Olivos, Universidad, Trinidad de las Huertas, Oaxaca de Ju√°rez, Oaxaca, M√©xico",[636000],[3],[1],[160],[140],"Aprovecha y gana al invertir en esta propiedad ubicada en la Colonia TRINIDAD DE LAS HUERTAS OAXACA DE JUAREZ.Esta muy por debajo de su precio comercial ya que pertenece a un REMATE BANCARIO.Inicia tu inversion con $330,000.00 El resto a lafirma de  Cesion de Derechos ante Notario.NO SE ACEPTA NINGUN TIPO DE CREDITO.Para mayores informes de esta y mas propiedades en TODA LA REPUBLICA MEXICANA.  CONTACTAME.SOMOS TU MEJOR OPCION.","Hace 5 d√≠as, 4 horas - Publicado por CONSULTORES PATRIMONIALES ESPECIALIZADOS 4 - ARACELI CANEDO SANCHEZ"
EXCELENTE CASA EN REMATE BANCARIO OAXACA DE JUAREZ!!!!,Mitula,Casa,"Ponciano Arriaga, Guelaguetza, Oaxaca de Ju√°rez, Oaxaca, M√©xico",[623653],[3],[1],[120],[140],"Aprovecha y gana al invertir en esta bonita casa en Colonia GUELAGUETZA EN OAXACA DE JUAREZ.Est√° muy por debajo de su precio comercial ya que pertenece a un REMATE BANCARIO.Inicia tu inversi√≥n con $320,000.00 El resto a la firma de Cesi√≥n de Derechos ante Notario.NO SE ACEPTA NINGUN TIPO DE CR√âDITO.Para mayores informes de esta y m√°s propiedades en toda LA REPUBLICA MEXICANA. CONTACTAME.SOMOS TU MEJOR OPCI√ìN.","Hace 1 semana, 4 d√≠as - Publicado por CONSULTORES PATRIMONIALES ESPECIALIZADOS 4 - ARACELI CANEDO SANCHEZ"
CASA EN OAXACA REMATE BANCARIO!!!!!!,Mitula,Casa,"Calle Jazmines, Reforma, Oaxaca de Ju√°rez, Oaxaca, M√©xico",[791490],[3],[1],[200],[160],"Invierte en esta amplia casa ubicada en Colonia REFORMA OAXACA DE JUAREZ. Esta muy por debajo de su precio comercial ya que pertenece a un REMATE BANCARIO.Inicia tu inversion con $320,000.00 El resto a la firma de Cesion de Derechos ante Notario.NO SE ACEPTA NINGUN TIPO DE CREDITO.Para mayores informes de esta y mas propiedades en TODA LA REPUBLICA MEXICANA.  CONTACTAME.SOMOS TU MEJOR OPCION.","Hace 5 d√≠as, 4 horas - Publicado por CONSULTORES PATRIMONIALES ESPECIALIZADOS 4 - ARACELI CANEDO SANCHEZ"
CASA EN OBRA NEGRA DE OPORTUNIDAD EN SAN LUIS BELTRAN,Mitula,Casa,"Iglesia de San Luis Beltr√°n, Camino Real, Agencia de Policia San Luis Beltran, Oaxaca de Ju√°rez, Oaxaca, M√©xico",[3800000],[5],[2],[200],[260],"Excelente oportunidad de adquirir una propiedad edificada con construcci√≥n tradicional, se encuentra ya en fase de acabados, practicamente es obra gris.",12 jul 2023 - Publicado por Edith Miguel
VENTA DE HERMOSAS CASAS LOFT NUEVAS EN 7 REGIONES OAXACA,Mitula,Casa,"7 Regiones, Oaxaca de Ju√°rez, Oaxaca, M√©xico",[2650000],[2],[1],[60],[100],"Casa loft en venta en la Colonia 7 Regiones consta de Planta baja y dos niveles.Concepo de dise√±o Loft industrial.Vivienda contempor√°nea.Terreno 60m2, construcci√≥n 100m2Propiedad de car√°cter definitivo en condominio.PRECIO VENTAüí≤2'650,000.00‚úÖIncluye lo siguiente:‚úÖPlanta baja techada para estacionamiento de 2 autos y un  jard√≠n lateral a todo lo largo.üíØLa planta baja tambi√©n puede ser usada como oficina o local comercial, porque est√° techada.üìåEl primer nivel es un espacio abierto integrando sala-comedor-cocina tambi√©n incluye un medio ba√±o y lavander√≠a.üìåEn el Segundo nivel tenemos 2 habitaciones y 1 ba√±o completo, con mamparas en regadera de cristal templado. Cada habitaci√≥n tiene cl√≥set y amplio ventanal.üìåLa vivienda incluye escalera interior para acceso a la azotea, c√≥mo continuaci√≥n de escalera interior, cubierta con un domo m√≥vil, que permite amplia iluminaci√≥n.üìåLa azotea podr√° ser usada como terraza al aire libre con barandal. Usted podr√° decorarla al gusto.‚úÖLa casa incluye calentador de 40lts, tanque de gas estacionario, cisterna 10 mil lts y sistema hidroneum√°tico para el servicio de ba√±os y cocina.üìåLa iluminaci√≥n general de la casa incluye l√°mparas en estilo vintage, arbotantes discretos color negro y tiras de iluminaci√≥n leds. Con la intenci√≥n de crear un ambiente relajado y confortable.üìåAcabados en puertas y pisos en madera natural, muros de durock con recubrimieto de tabique rojo aparente y estructura general de la vivienda con columnas y vigas de acero en color natural y muros de concreto armado.Se muestran previa cita. Precio sujeto a cambio sin previo aviso.",3 ago 2023 - Publicado por Edith Miguel
CASA EN VENTA EN LA REFORMA - (3),Mitula,Casa,"Oaxaca, Oaxaca, D√≠az Ordaz",[4500000],[2],[2],[140],[161],"EN UNA DE LAS CALLES MAS TRANQUILAS DE LA REFORMA SE ENCUENTRA ESTA CASA CON TODOS LOS SERVICIOS CERCA, ESTA CASA CUENTA CON UN PATIO PARA PASAR UNOS GRATOS MOMENTOS CON LA FAMILIA (3)",13 jun 2023 - Publicado por REMAX cantera
CASA EN VENTA CON LOCALES COMERCIALES  - (3),Mitula,Casa,"Oaxaca, Oaxaca, Oaxaca Centro",[20450000],[5],[4],[407],[545],"CASA HABITACION CON DISTRIBUIDOR, DESAYUNADOR, SALA COMEDOR,COCINA, TRES RECAMARAS, BA√ëO COMPLETO, CUARTO DE LAVADO Y PLANCHADO,CORREDORES Y PATIO, Y AL FONDO UN DEPARTAMENTO CON SALA COMEDORCOCINA Y DOS RECAMARASTIENE 2 LOCALES COMERCIALES (3)","Hace 3 semanas, 22 horas - Publicado por REMAX cantera"
AMPLIA CASA EN LA COLONIA EL ARENAL OAXACA,Mitula,Casa,"Oaxaca, Oaxaca, Estado de Oaxaca",[2448000],[4],[2],[161],[204],"OPORTUNIDAD PARA INVERTIR EN ESTA HERMOSA CASA , AMPLIA. COMODA Y CON UNA EXCELENTE UBICACION A TAN SOLO 15 MINUTOS DEL CENTRO DE LA CIUDAD DE OAXACA DE JUAREZ.LA CASA CUENTA CON LOS SIGUIENTES ESPACIOS:Planta baja‚úÖ Sala.‚úÖ Comedor.‚úÖ Cocina‚úÖ Patio de servicio techada.‚úÖ Medio ba√±o para visitas.‚úÖ Jard√≠n posterior‚úÖ Jard√≠n delantero‚úÖ Cochera p/ 2 auto.Planta alta‚úÖ Amplio Vest√≠bulo.‚úÖ 4 Rec√°maras‚úÖ 2 ba√±os completos.AMENIDADES‚úÖ azotea preparada para roof garden.‚úÖ Cisterna de 5,000 lts. con bomba sumergible y electro nivel.‚úÖOpci√≥n a ampliaci√≥n de proyectoLIBRE DE GRAVAMENPROPIEDAD DEFINITIVAEJERCE TU CREDITO INFONAVIT. FOVISSSTE. HIPOTECARIOAGENDA TU VISISTA CONOCELA Y DECITE A INVERTIR EN TU PATRIMONIO",4 may 2023 - Publicado por Kasadi Inmobiliaria
"Casa en venta en Col. Antiguo Aeropuerto, Oaxaca.",Mitula,Casa,"Privada Alamos, Reforma, Oaxaca de Ju√°rez, Oaxaca, M√©xico",[4200000],[3],[2],[250],[200],"En venta casa uubicada en Col. Antiguo Aeropuerto, muy cerca de Chedraui de Col. Reforma. Magn√≠fica ubicaci√≥nen zona tranquila, de f√°cil acceso y de alta plusval√≠a, a 15 minutos del centro de la ciudad, a 100 m de Col. Reforma.Cerca de de la zona comercial,colegios de prestigio, Bancos, supermercados. cl√≠nicas.Construcci√≥n de dos plantas.Planta baja: Estacionamiento, amplia sala, comedor, cocina, ba√±o de visitas, jard√≠n, √°rea de lavado y tendido, cisterna.Segundo nivel: Sala de TV, terraza, 2 rec√°maras una de ellas con vestidor y ba√±o completo, 1 ba√±o completo m√°s, cuarto de servicio con ba√±o completo.Amenidades:Port√≥n y piso de loseta en cochera, cisterna con bomba, √°rea de servicio totalmente cerrada, bardas altas en per√≠metro, patio posterior con piso de loseta.No dejes pasar esta oportunidad de ser el due√±o de esta magn√≠fica casa, haz tu cita hoy mismo, ¬°te va encantar!Nota: El precio no incluye gastos de escrituraci√≥n e impuestos por adquisici√≥n del inmueble.",20 abr 2023 - Publicado por CV ASESORIA INMOBILIARIA
PRECIOSA CASA REMODELADA EN LA PRIMERA ETAPA RICARDO FLORES MAGON,Mitula,Casa,"PRIMERA ETAPA, Ricardo Flores Magon, Oaxaca de Ju√°rez, Oaxaca, M√©xico",[2850000],[3],[3],[135],[68],"Casa construida en 2 plantas:üíπPlanta baja cuenta con:üìå Recibidor con protecci√≥n de fierroüìå1/2 Ba√±o, Sala-comedor, cocina integral, rec√°mara con cl√≥set de madera y ba√±o completoüìå Cisterna de 5,000 lt.,üíπ Planta alta cuenta con:üìå2 rec√°maras amplias con vestidor y  cl√≥set de madera y muebles de madera con gavetas y cajones üìåBa√±o en cada una de las recamarasüìåLa rec√°mara principal tiene un peque√±o balc√≥n con vista a la calle y protecci√≥n de herreria en un dise√±o arquitect√≥nico, que cumple con su funci√≥n.üìåEl vest√≠bulo de la escalera equipado con un cl√≥set de blancosüìå√Årea de servicio techada con plicarbonato, equipada con lavadero, instalaci√≥n para la lavadora,  calentador, hidroneum√°tico, 2 tinacos de 1,100 lt, tanque de gas estacionario, hay un cubo de luz y ventilaci√≥n con una escalera de fierro para subir a la azotea.üìåEquipada con mueble de madera bajo de la escalera de fierro.üìåCuenta con caj√≥n de estacionamiento asignado frente a la casa.Se muestra con previa cita.",3 ago 2023 - Publicado por Edith Miguel
HERMOSA CASA EN EL FRACCIONAMIENTO SAN JOSE LA NORIA,Mitula,Casa,"San Jose la Noria, Oaxaca de Ju√°rez, Oaxaca, M√©xico",[9380000],[4],[3],[127],[168],"Gran oportunidad de adquirir un inmueble remodelado en una zona segura, tranquila y de alta plusval√≠a.Casa en dos niveles, ofrece cochera para 2 autos, portones autom√°ticos, recibidor, estudio, bodega de servicio, medio ba√±o para visitas, sala, comedor, cocina con cocina integral, √°rea de servicio y escaleras de caracol para el √°rea de lavado, jard√≠n interior, escaleras para la planta alta donde encontraremos 4 rec√°maras, la principal y secundaria con ba√±o propio cada una, dos rec√°maras junior con el tercer ba√±o completo a su servicio y una sala de de tv.La casa tiene una cisterna de 10 mil litros, 3 tinacos y gas estacionario. ESTA LIBRE DE GRAVAMEN.Se muestra previa cita.",2 ago 2023 - Publicado por Edith Miguel
Casa en Loma Linda,Mitula,Casa,"Oaxaca, Oaxaca, Loma Linda",[2577000],[3],[3],[180],,"OPORTUNIDAD HIPOTECARIACasa en venta en Oaxaca de Ju√°rezCaracter√≠sticas principales: 3 habitaciones3 ba√±os2 estacionamientos180 m2Propiedad de RECUPERACI√ìN HIPOTECARIA  con la empresa l√≠der en el sector.(CONFIANZA, SEGURIDAD, TRANQUILIDAD)Nos aseguramos de asesorarte y protegerte con la ayuda de los mejores asesores y abogados especializados en Remates Bancarios.-√önicamente recursos propios (2 exhibiciones).-Entrega f√≠sica garantizada por contrato.Contrato respaldado por los bancos m√°s importantes a nivel nacional.Toda la seguridad que buscas esta en Gutza Bienes Ra√≠ces.","Hace 2 semanas, 2 d√≠as - Publicado por Gutza Bienes Raices"
Casa en Oaxaca de Juarez,Mitula,Casa,"Oaxaca, Oaxaca, Oaxaca Centro",[2294000],[3],[3],[190],,"OPORTUNIDAD HIPOTECARIA                    Casa en venta en Oaxaca de Ju√°rezCaracter√≠sticas principales: 3 habitaciones3 ba√±os2 estacionamientos4190 m2Propiedad de RECUPERACI√ìN HIPOTECARIA  con la empresa l√≠der en el sector.(CONFIANZA, SEGURIDAD, TRANQUILIDAD)Nos aseguramos de asesorarte y protegerte con la ayuda de los mejores asesores y abogados especializados en Remates Bancarios.-√önicamente recursos propios (2 exhibiciones).-Entrega f√≠sica garantizada por contrato.Contrato respaldado por los bancos m√°s importantes a nivel nacional.Toda la seguridad que buscas esta en Gutza Bienes Ra√≠ces.",5 ago 2023 - Publicado por Gutza Bienes Raices
"VENTA DE CASA EN GUADALUPE VICTORIA, OAXACA, OAXACA",Mitula,Casa,"Macedonio Alcala, Guadalupe Victoria, Oaxaca de Ju√°rez, Oaxaca, M√©xico",[560000],[3],[2],[250],[300],"Hermosa propiedad en venta.La propiedad consta de 3 recamaras, 2 ba√±os y medio, 2 lugares de estacionamiento, sala, comedor y cocina integral.Todas las estancias con acabados modernos y atractivosUbicada en excelente zona, de alta PLUSVALIA, haz crecer tu patrimonio.Excelente oportunidad para invertir.La compra debe ser con recursos propios, NO SE ACEPTAN CREDITOS HIPOTECARIOS.Agenda tu cita virtual o en corporativo.Alexis Iba√±ez","Hace 2 semanas, 4 d√≠as - Publicado por GP SERVICIOS INMOBILIARIOS - ALEXIS IBA√ëEZ"
CASA NUEVA EN VENTA A 10 MIN DEL CENTRO DE LA CD DE OAXACA,Mitula,Casa,"Walmart S√≠mbolos Patrios, Avenida S√≠mbolos Patrios, Colonia Candiani, Oaxaca de Ju√°rez, Oaxaca, M√©xico",[2650000],[3],[2],[150],[80],"CASA en VENTAAtr√°s de WALMART SIMBOLOS PATRIOS2 nivelesSala ‚Äì Comedor - Cocina 3 Recamaras (recamara principal con ba√±o y vestidor)2 ba√±os completos y un ¬Ω ba√±oCochera cerrada para un veh√≠culoCuarto de lavadoCisterna de 5 mil litros    Roof GardenUbicado a 300 metros de Wal-Mart S√≠mbolos PatriosPropiedad PrivadaTodos los serviciosPago de contando y se acepta INFONAVIT Total, FOVISSSTE y BancariosTerreno de 80 metros cuadradosMedidas: 8 x 10 metros150 m2 de construcci√≥nPrecio $ 2,650,000","Hace 1 semana, 6 d√≠as - Publicado por AGENTES DE BIENES INMUEBLES OAXACA"
AMPLIA CASA EN ZONA NORTE VENTA A 10 MIN DEL CD DE OAXACA,Mitula,Casa,"Volcanes, Oaxaca de Ju√°rez, Oaxaca, M√©xico",[4700000],[3],[1],[203],[322],"AMPLIA CASA EN ZONA NORTE EN VENTAMuy cerca del mercados paz miguelesCasa de un solo nivel  Estacionamiento para 4 autos, patio de servicio, sala, comedor, cocina integral, 1 rec√°mara con ba√±o, 2 rec√°maras y un ba√±o independientepropiedad privada322 mts de superficie203 mts de construcci√≥n",26 abr 2023 - Publicado por AGENTES DE BIENES INMUEBLES OAXACA
"Inversi√≥n Recuperaci√≥n Bancaria Departamento en Azcapotzalco, Azteca, Oaxaca de Ju√°rez, Oaxaca, M√©xico",Mitula,Apartamento,"Azcapotzalco, Azteca, Oaxaca de Ju√°rez, Oaxaca, M√©xico",[560823],[2],[2],,,"Casa en Remate Inmobiliario. No se aceptan cr√©ditos hipotecarios.Hermosa casa ubicado en Azcapotzalco, Azteca, Oaxaca de Ju√°rez, Oaxaca, M√©xico Excelente ubicaci√≥n cerca de restaurantes, escuelas, hospitales, hoteles y supermercados. Al lado de  Av. Tezozomoc, Av. Aquiles Serd√°n, Camino a Santa Luc√≠a, Metro Camarones, Mercado Santa Luc√≠a, Plaza Destino Azcapotzalco. Ideal para vivir en una zona tranquila y segura.Construye tu patrimonio de la manera m√°s accesible y confiable. Encuentra la exclusiva oportunidad de aumentar tu calidad de vida y tu capital al residir o invertir en una zona segura, limpia, de f√°cil acceso y con alta plusval√≠a.Si buscas un lugar seguro y tranquilo para vivir esta es la oportunidad que estabas buscando. Llama ahora y con mucho gusto agendaremos tu cita.","Hace 3 semanas, 2 horas - Publicado por Altaltium Real Estate Solutions - Emmanuel Alberto Ferreyra Romero"
Casa - Oaxaca Centro,Mitula,Casa,"Oaxaca, Oaxaca, Oaxaca Centro",[3500000],[3],[1],[90],,"En venta casa en el coraz√≥n de la ciudad de Oaxaca de Ju√°rez, con un ubicaci√≥n privilegiada a unas cuantas cuadras                    del z√≥calo, ideal para remodelarla y realizar el proyecto de tus sue√±os.",29 mar 2023 - Publicado por Altana Realty Group
Casa - San Andr√©s Huay√°pam,Mitula,Casa,"Oaxaca, Oaxaca, Manuel √Åvila Camacho",[8500000],[4],[5],[333],,"Bonita casa residencial ubicada en un lugar que te brinda mucha tranquilidad, con vista panor√°mica de la ciudad endonde puedes observar la vegetaci√≥n as√≠ como los cantos de las aves, cuenta con un √°rea de asador, jard√≠n y cercaelectrificada, se encuentra a tres cuadras de la carretera que te lleva al centro de Huayapam, pueblo pintoresco en dondese rigen por usos y costumbres, donde encontraras diferentes comercios como restaurantes, muy buenainversi√≥n para disfrutarla en familia.",29 mar 2023 - Publicado por Altana Realty Group
Casa - M√°rtires de Rio Blanco,Mitula,Casa,"Oaxaca, Oaxaca, M√°rtires de Tacubaya",[2800000],[5],[5],[244],,"Inmueble productivo en venta, en la colonia M√°rtires de R√≠o Blanco, Oaxaca de Ju√°rez, Oaxaca, compuesto de 1 casa y 2 departamentos que pueden generar gran rentabilidad al ubicarse cerca del Hospital del ISSSTE, del Hospital Civil, de la Facultad de Medicina y otras instituciones escolares, as√≠ como cerca de la fuente de las 8 Regiones. El inmueble consta de:* 1 departamento con su propio acceso , con la distribuci√≥n de ( cochera para dos autos, sala, area para cocina, 1 recamar√°, 2 ba√±os completos).*1 casa habitaci√≥n con su propio acceso, construida en un solo nivel (port√≥nel√©ctrico, espacio para dos autos, dos recamaras, dos ba√±os completos, cocina integral, 1 estudio.)* 1 departamento con su propio acceso, (1 recamar√°, cocina integral, 1 ba√±o completo, area de jardin y area de asador).La casa y un departamento cuentan con regadera el√©ctrica que regula la temperatura del agua. El inmueble se abastece de cisterna con capacidad de 8,000 litros acondicionada con bomba sumergible.",29 mar 2023 - Publicado por Altana Realty Group
CASA RESIDENCIAL DONAJ√ç - Oaxaca de Juarez,Mitula,Casa,"Oaxaca, Oaxaca, Volcanes",[7400000],[5],,[315],[298],"CASA EN COL. DONAJ√ç, OAXACAA 2 min. de San Felipe del AguaPrecio: $7,400,000.00PLANTA BAJA-Rec√°mara con Ba√±o completo y Vestidor -Estudio -Recibidor -Sala -Comedor -Cocina integral equipada (estufa, campana, tarja, horno y refrigerador) -1/2 Ba√±o para visitas -Cuarto de lavado -Cochera para 2 veh√≠culos grandes1er NIVEL - Rec√°mara 1 con doble vestidor y Ba√±o completo - Recamara 2 con closet y Ba√±o completo - Recamara 3 con Vestidor y Ba√±o completo - Recamara 4 Closet y Ba√±o completo - Sala de T.VAMENIDADES -Alberca climatizada -Cuarto de Juegos -Regadera para alberca - Iluminaci√≥n de escaleras tipo LED forradas con cedro -Isla forrada con M√°rmol -Tocadores de ba√±o con luzEQUIPAMIENTO -Gas estacionario -Calentador solar -Aire acondicionado en todas las recamaras -Cisterna de 25,000 litros -Iluminaci√≥n tipo LED en sala y recibidor -Preparaciones para circuito cerrado de TV",21 abr 2023 - Publicado por Arturo Unda
CASA EN SAN MARTIN A 2 KM DEL CENTRO DE LA CIUDAD,Mitula,Casa,"Oaxaca, Oaxaca, Emiliano Zapata",[2100000],[5],[3],[1],[200],"¬°EXCELENTE OPORTUNIDAD!! PROPIEDAD EN VENTA EN SAN MARTIN MEXICAPAM, EN EL MUNICIPIO DE OAXACA DE JUAREZ CON UNA EXCELENTE UBICACI√ìN: 1.3 km del Periferico 2 Km del centro de la ciudad 1.4 Km de Plaza Bella  500 mts de Riveras de Atoyac Terreno 200 mts2 Inversi√≥n $2,100,000 Mas informaci√≥n al",20 abr 2023 - Publicado por Tu casa en Oaxaca
EN VENTA CASA 4 RECAMARAS LOMAS DEL CRESTON CERCA ISSSTE OAXACA,Mitula,Casa,"Oaxaca, Oaxaca, Lomas del Creston",[8900000],[4],[4],[463],[200],"HERMOSA RESIDENCIA UBICADA EN ZONA DE GRAN PLUSVALIAUBICADA EN LOMAS DEL CRESTON.CARACTERISTICAS:COCHERA PARA 2 AUTOSPORTON AUTOMATICO.PATIO C/CISTERNA 9MIL LTS.BARDAS ELECTRIFICADASVIDEO PORTEROPRIMER NIVEL: ESTANCIA ILUMINADA CON LAMPARAS LEDS, BALCON CON VISTA AGRADABLEAMPLIO COMEDOR CON MUY BUENA ILUMINACION, PISOS ESTILO AMADERADO, VENTANALES AMPLIOS Y BALCONCOCINA EQUIPADA CON ALACENAS, ISLA CON PARRILLA Y CAMPANA COLGANTE(Video portero)BONITA Y AMPLIA TERRAZAMEDIO BA√ëOSUBNIVEL:2 RECAMARAS AMPLIAS CON CLOSETS, CON PATIO TERRAZA Y JARDINERASBA√ëO COMPLETO EN CADA RECAMARATERCER NIVEL:1 RECAMARA PRINCIPAL CON AMPLIO VESTIDOR.VENTANALES AMPLIOS, BALCON.1 BA√ëO COMPLETO.1 RECAMARA CON CLOSET Y BALCON CON AGRADABLE VISTA.1 BA√ëO COMPLETO.1 AREA DE LAVADO CON BA√ëO COMPLETO.1 PATIO PARA TENDIDOCUARTO NIVEL:2 ROOF GARDEN CON AGRADABLE VISTA PANORAMICASUPERFICIE TERRENO: NORTE: 24.20, SUR: 23.71, ESTE: 9MTS, AL ORIENTE: 7 MTS2CONSTRUCCION: 463.52 MTS2Cercano a centros comerciales, bancos, colegios, hospitales, transportes.",21 abr 2023 - Publicado por Inmuebles Oaxaca
EXCELENTE CASA EN REMATE BANCARIO OAXACA DE JUAREZ!!!!,Mitula,Casa,"Ponciano Arriaga, Guelaguetza, Oaxaca de Ju√°rez, Oaxaca, M√©xico",[623653],[3],[1],[120],[140],"Aprovecha y gana al invertir en esta bonita casa en Colonia GUELAGUETZA EN OAXACA DE JUAREZ.Est√° muy por debajo de su precio comercial ya que pertenece a un REMATE BANCARIO.Inicia tu inversi√≥n con $320,000.00 El resto a la firma de Cesi√≥n de Derechos ante Notario.NO SE ACEPTA NINGUN TIPO DE CR√âDITO.Para mayores informes de esta y m√°s propiedades en toda LA REPUBLICA MEXICANA. CONTACTAME.SOMOS TU MEJOR OPCI√ìN.","Hace 1 semana, 4 d√≠as - Publicado por CONSULTORES PATRIMONIALES ESPECIALIZADOS 4 - ARACELI CANEDO SANCHEZ"
